marka,seri,model,kasa_tipi
Fiat,Egea,1.4 Fire Urban,Sedan
Audi,A4,A4 Sedan 1.4 TFSI Design,Sedan
Audi,A4,A4 Sedan 40 TDI Quattro Advanced,Sedan
Audi,A6,A6 Sedan 45 TFSI Quattro Design,Sedan
Audi,A3,A3 Sedan 1.6 TDI Dynamic,Sedan
Alfa Romeo,Giulietta,1.4 TB MultiAir Distinctive,Hatchback/5
Audi,A6,A6 Sedan 2.0 TDI Quattro,Sedan
BMW,3 Serisi,316i Standart,Sedan
Audi,A4,A4 Sedan 2.0 TDI Quattro Design,Sedan
BMW,3 Serisi,320i M Sport,Sedan
Citroen,C3,1.2 PureTech Shine,Hatchback/5
Audi,A4,A4 Sedan 1.8,Sedan
Audi,A3,A3 Sportback 35 TFSI Design,Hatchback/5
BMW,3 Serisi,320i ED Luxury Line,Sedan
Audi,A6,A6 Sedan 2.0 TFSI Quattro,Sedan
Audi,A5,A5 Sportback 1.4 TFSI Dynamic,Hatchback/5
BMW,5 Serisi,520i M Sport,Sedan
Fiat,Egea,1.4 Fire Easy Plus,Sedan
BMW,1 Serisi,116d ED EfficientDynamics,Hatchback/5
Audi,A6,A6 Sedan 40 TDI Design,Sedan
Audi,A6,A6 Sedan 40 TDI Quattro Design,Sedan
BMW,1 Serisi,116i Comfort,Hatchback/5
Audi,A6,A6 Sedan 40 TDI Quattro S Line,Sedan
Citroen,C-Elysée,1.6 HDi Attraction,Sedan
Dacia,Sandero,1.5 dCi Stepway,Hatchback/5
Chevrolet,Cruze,1.6 Sport,Sedan
Audi,A3,A3 Hatchback 1.4 TFSI,Hatchback/3
Audi,A6,A6 Sedan 40 TDI Quattro Sport,Sedan
Citroen,C-Elysée,1.5 BlueHDI Feel,Sedan
Audi,A4,A4 Sedan 1.4 TFSI Dynamic,Sedan
Audi,A3,A3 Sedan 35 TFSI Advanced,Sedan
Fiat,Palio,1.2 EL,Hatchback/5
Dacia,Jogger,1.0 Eco-G Expression,MPV
Fiat,Punto,1.4 Dynamic,Hatchback/5
Toyota,Avensis,1.6 Elegant Extra,Sedan
Chevrolet,Cruze,1.6 Design Edition Plus,Sedan
BMW,3 Serisi,320d Sport,Sedan
Fiat,Egea,1.3 Multijet Urban,Sedan
Dacia,Logan,1.5 dCi MCV Ambiance,Station wagon
BMW,5 Serisi,520i Luxury Line,Sedan
Citroen,C-Elysée,1.6 HDi Exclusive,Sedan
BMW,3 Serisi,320i ED 40th Year Edition,Sedan
Citroen,C-Elysée,1.2 Live,Sedan
BMW,4 Serisi,418i Gran Coupe M Sport,Coupe
Citroen,C3,1.2 PureTech Feel Bold,Hatchback/5
Citroen,C4,1.2 PureTech Max,Hatchback/5
Fiat,Egea,1.6 Multijet Easy,Sedan
Fiat,Marea,1.6 Liberty,Sedan
Mercedes - Benz,E,180 Premium,Sedan
Ford,Focus,1.5 TDCi Trend X,Sedan
Ford,Focus,1.5 Ti-VCT Trend X,Hatchback/5
Ford,Fiesta,1.4 TDCi Comfort,Hatchback/5
Fiat,Siena,1.6 HL,Sedan
Ford,Focus,1.6 TDCi Collection,Hatchback/5
Audi,A4,A4 Sedan 2.0 TDI,Sedan
Audi,A4,A4 Sedan 1.8 TFSI,Sedan
Renault,Clio,1.0 TCe Touch,Hatchback/5
Ford,C-Max,1.6 TDCi Titanium,MPV
Fiat,Punto,EVO 1.4 Dynamic,Hatchback/5
BMW,3 Serisi,320i Sport Line,Sedan
Renault,Clio,1.0 TCe Joy,Hatchback/5
Ford,Fiesta,1.4 TDCi Trend,Hatchback/5
Renault,Clio,1.5 dCi SportTourer Joy,Station wagon
Citroen,C4,1.2 PureTech You,Hatchback/5
Citroen,C4,1.2 PureTech Shine,Hatchback/5
Citroen,C4,1.6 e-HDi Confort,Hatchback/5
Citroen,C4,1.6 HDi SX,Hatchback/5
Hyundai,Getz,1.3 GLS,Hatchback/5
Renault,Taliant,1.0 T Touch,Sedan
Fiat,Punto,Grande 1.3 Multijet Dynamic,Hatchback/5
Ford,Fiesta,1.5 TDCi Trend X,Hatchback/5
Honda,Civic,1.5 i-VTEC Elegance,Sedan
Kia,Ceed,1.6 CRDi Comfort,Hatchback/5
Kia,Ceed,1.4 Live,Hatchback/5
Renault,Clio,1.5 dCi Touch,Hatchback/5
Renault,Fluence,1.5 dCi Privilege,Sedan
Renault,Megane,1.5 Blue DCI Touch,Sedan
Renault,Megane,1.5 dCi Touch,Sedan
Volkswagen,Golf,1.6 TDi Highline,Hatchback/5
Volkswagen,Passat,2.0 TDi Highline,Sedan
Audi,A4,A4 Sedan 1.4 TFSI Sport,Sedan
Citroen,C4 X,1.2 PureTech Shine,SUV
Citroen,C4 X,1.2 PureTech Shine Bold,SUV
Fiat,Linea,1.3 Multijet Active Plus,Sedan
Opel,Astra,1.3 CDTI Enjoy,Sedan
Honda,Civic,1.6i VTEC Executive,Sedan
Renault,Clio,1.5 dCi Authentique,Sedan
BMW,3 Serisi,320i ED M Sport,Sedan
BMW,5 Serisi,520i Comfort,Sedan
Fiat,Egea,1.3 Multijet Easy,Sedan
Audi,A5,A5 Sportback 40 TDI Quattro Advanced,-
Audi,A5,A5 Coupe 1.8 TFSI,Coupe
Fiat,Egea,1.4 Fire Easy,Sedan
Hyundai,i30,1.6 CRDi Elite,Hatchback/5
Opel,Corsa-e,Ultimate,Hatchback/5
Opel,Vectra,1.6 Comfort,Sedan
Renault,Clio,1.0 TCe Evolution,Hatchback/5
Renault,Clio,1.5 dCi Joy,Hatchback/5
Renault,Fluence,1.5 dCi Extreme Edition,Sedan
Renault,Megane,1.3 TCe Joy,Sedan
Renault,Symbol,1.5 dCi Joy,Sedan
Seat,Leon,1.2 TSI Style,Hatchback/5
Skoda,Scala,1.0 TSI Elite,Hatchback/5
Skoda,SuperB,1.6 TDI Comfort,Sedan
Volkswagen,Bora,1.6 Pacific,Sedan
Volkswagen,Jetta,1.6 TDi Highline,Sedan
Volkswagen,Passat,1.5 TSi Impression,Sedan
Volkswagen,Passat,1.6 TDi BlueMotion Comfortline,Sedan
Volkswagen,Polo,1.0 TSi Highline,Hatchback/5
Volvo,S60,1.6 D Advance,Sedan
Chevrolet,Aveo,1.4 LT,Sedan
Citroen,C4 X,1.2 PureTech Feel Bold,Sedan
Chevrolet,Kalos,1.2 S,Hatchback/5
Fiat,Linea,1.4 Fire Actual,Sedan
BMW,1 Serisi,116d Joy Plus,Hatchback/5
BMW,1 Serisi,116i Standart,Hatchback/5
BMW,3 Serisi,320i Edition M Sport,Sedan
BMW,3 Serisi,320i ED Modern Line,Sedan
BMW,5 Serisi,525d xDrive Premium,Sedan
Fiat,Linea,1.3 Multijet Active,Sedan
Ford,Focus,1.5 TDCi Titanium,Sedan
Honda,Civic,1.6i VTEC Elegance,Sedan
Honda,Civic,1.6i VTEC ECO Elegance,Sedan
Hyundai,Getz,1.5 VGT Start,Hatchback/5
Opel,Astra,1.4 T Sport,Hatchback/5
Renault,Clio,1.5 dCi Authentique,Hatchback/5
Renault,Megane,1.5 dCi Touch,Hatchback/5
Renault,Symbol,0.9 TCe Joy,Sedan
Volkswagen,Golf,1.2 TSi Comfortline,Hatchback/5
Volkswagen,Passat,1.6 FSi Comfortline,Sedan
Chevrolet,Aveo,1.4 SE,Hatchback/5
Chevrolet,Cruze,1.6 LS,Sedan
Chevrolet,Cruze,1.6 LT,Hatchback/5
Citroen,C-Elysée,1.5 BlueHDI Feel Bold,Sedan
Citroen,C-Elysée,1.2 VTi Exclusive,Sedan
Citroen,C-Elysée,1.6 HDi Live,Sedan
Citroen,C-Elysée,1.5 BlueHDI Shine,Sedan
Citroen,C4 Picasso,1.6 e-HDi Intensive,MPV
Audi,A5,A5 Coupe 2.0 TDI Quattro,Sedan
BMW,5 Serisi,520d Premium,Sedan
BMW,5 Serisi,520i Special Edition Luxury Line,Sedan
Fiat,500 Ailesi,500E La Prima,Hatchback/3
Opel,Astra,1.4 T Edition Plus,Sedan
Renault,Fluence,1.5 dCi Touch,Sedan
Renault,Megane,1.5 Blue DCI Joy,Sedan
Toyota,Corolla,1.8 Hybrid Dream,Sedan
Volkswagen,Jetta,1.2 TSi Comfortline,Sedan
Volkswagen,Polo,1.0 TSi Life,Hatchback/5
Ford,Focus,1.6 TDCi Trend X,Sedan
Honda,Civic,1.6i VTEC Eco Elegance,Sedan
Audi,A3,A3 Sportback 30 TFSI Dynamic,Hatchback/5
Fiat,Linea,1.3 Multijet Pop,Sedan
Ford,Fiesta,1.4 TDCi Comfort,Hatchback/3
Ford,Focus,1.5 EcoBlue Titanium X,Sedan
Hyundai,Getz,1.5 CRDi Active,Hatchback/5
Audi,A4,A4 Sedan 45 TFSI Quattro S Line,Sedan
Audi,A4,A4 Sedan 40 TDI Advanced,Sedan
Chevrolet,Cruze,1.6 Sport,Hatchback/5
Citroen,C-Elysée,1.6 HDi Shine,Sedan
Opel,Astra,1.2 T Edition,Hatchback/5
Opel,Astra,1.3 CDTI Essentia,Hatchback/5
Opel,Vectra,2.0 GLS,Sedan
Seat,Leon,1.5 EcoTSI FR,Hatchback/5
Skoda,Fabia,1.4 TDI Special,Hatchback/5
Skoda,SuperB,1.6 TDI Prestige,Sedan
Skoda,SuperB,1.5 TSI Prestige,Sedan
Volkswagen,Golf,1.6 FSi Goal,Hatchback/5
Volkswagen,Jetta,1.6 TDi Comfortline,Sedan
Volkswagen,Passat,1.4 TSi BlueMotion Trendline,Sedan
Volkswagen,Polo,1.4 TDi Comfortline,Hatchback/5
Volvo,S40,1.6,Sedan
Audi,A4,A4 Sedan 2.0 TDI Design,Sedan
Audi,A6,A6 Sedan 2.0 TDI,Sedan
Citroen,C3,1.2 PureTech Feel,Hatchback/5
Citroen,C4 X,1.2 PureTech Feel Bold,SUV
Opel,Astra,1.5 D Edition,Hatchback/5
Citroen,C4,1.4 VTi Attraction,Hatchback/5
Fiat,Egea,1.3 Multijet Urban Plus,Sedan
Fiat,Egea,1.6 E-Torq Urban,Sedan
Fiat,Egea,1.6 Multijet Easy Plus,Sedan
Fiat,Panda,1.2 Dynamic,Hatchback/5
Fiat,Punto,1.4 Easy S&S,Hatchback/5
Fiat,Punto,Grande 1.4 Fire Active,Hatchback/5
Hyundai,Accent Era,1.5 CRDi-VGT Select,Sedan
Hyundai,i20,1.4 MPI Elite,Hatchback/5
Hyundai,i30,1.6 GDi Elite,Hatchback/5
Kia,Rio,1.4 CVVT Elegance,Hatchback/5
Renault,Symbol,1.5 dCi Authentique,Sedan
Skoda,SuperB,1.4 TSI Active,Sedan
Toyota,Corolla,1.4 D-4D Advance,Sedan
Toyota,Corolla,1.8 Hybrid Flame X-Pack,Sedan
Volkswagen,Passat,1.4 TSi Comfortline,Sedan
Volkswagen,Passat,1.6 TDi BlueMotion Impression,Sedan
Audi,A5,A5 Sportback 40 TDI Quattro Advanced,Coupe
Chevrolet,Kalos,1.4 SX,Hatchback/5
Chevrolet,Lacetti,1.4 SE,Hatchback/5
Citroen,AMİ,My Ami Pop,Coupe
Citroen,C4,1.6 HDi Confort,Hatchback/5
Volkswagen,Golf,1.6 TDi BlueMotion Comfortline,Hatchback/5
Chevrolet,Aveo,1.2 SE,Hatchback/5
Ford,Focus,1.6 TDCi Ghia,Sedan
Kia,Rio,1.4 CRDi Natty,Hatchback/5
BMW,3 Serisi,320i ED M Plus,Sedan
Chevrolet,Kalos,1.2 SE,Hatchback/5
Toyota,Auris,1.33 Life,Hatchback/5
Ford,Focus,1.6 Ti-VCT Trend X,Sedan
Ford,Focus,1.6 Ti-VCT Style,Hatchback/5
Hyundai,i20,1.4 CRDi Style,Hatchback/5
Opel,Corsa,1.2 T Elegance,Hatchback/5
Opel,Insignia,1.6 CDTI Grand Sport Enjoy,Hatchback/5
Renault,Clio,1.0 SCe Joy,Hatchback/5
Renault,Taliant,1.0 T Joy,Sedan
Volkswagen,Golf,1.0 eTSI Life,Hatchback/5
Volkswagen,Passat,2.0 TDi BlueMotion Comfortline,Sedan
Audi,A4,A4 Sedan 1.4 TFSI Design,Station wagon
Audi,A5,A5 Sportback 2.0 TDI,Hatchback/5
Audi,A6,E-Tron,Hatchback/5
Chevrolet,Cruze,1.6 LT Plus,Hatchback/5
Citroen,C4,1.2 PureTech Shine,SUV
Citroen,C4,1.6 e-HDi Confort Plus,Hatchback/5
Citroen,C5,1.6 e-HDi Dynamique,Sedan
Fiat,Punto,EVO 1.3 Multijet Active,Hatchback/5
Fiat,Uno,70 S,Hatchback/3
BMW,5 Serisi,525d xDrive xDrive,Sedan
Fiat,Egea,1.4 Fire Urban Plus,Hatchback/5
Ford,Focus,1.5 TDCi Trend X,Station wagon
Ford,Focus,1.6 TDCi Titanium,Hatchback/5
Hyundai,i20,1.4 MPI Jump,Hatchback/5
Kia,Cerato,1.5 CRDi EX,Sedan
Opel,Astra,1.6 CDTI Business,Sedan
Porsche,Taycan,4S Performance Plus,Coupe
Renault,Fluence,1.5 dCi Joy,Sedan
Seat,Ibiza,1.0 EcoTSI FR,Hatchback/5
Volkswagen,Jetta,1.2 TSi BlueMotion Trendline,Sedan
Volkswagen,Polo,1.0 TSi Comfortline,Hatchback/5
Audi,A4,A4 Allroad Quattro 2.0 TDI,Station wagon
Audi,A4,A4 Sedan 1.4 TFSI,Sedan
Audi,A5,A5 Sportback 1.4 TFSI,Hatchback/5
Citroen,C4 X,1.2 PureTech Max,SUV
Citroen,C5,1.6 e-HDi Confort,Sedan
Ford,Focus,1.6 TDCi Ghia,Hatchback/5
Opel,Astra,1.3 CDTI ecoFLEX Sport,Hatchback/5
Volkswagen,Golf,1.6 TDi Trendline,Hatchback/5
Volkswagen,Polo,1.2 TSi Allstar,Hatchback/5
BMW,3 Serisi,318i Edition M Sport,Sedan
BMW,3 Serisi,320i First Edition M Sport,Sedan
BMW,7 Serisi,730i Long Executive Lounge,Sedan
Dacia,Sandero,0.9 TCe Stepway,Hatchback/5
Honda,City,1.5 i-VTEC Executive,Sedan
Hyundai,Elantra,1.6 CRDi Elite,Sedan
Mini,Cooper,1.5 D Chili,Hatchback/3
Renault,Clio,1.5 dCi Icon,Hatchback/5
Renault,Megane,1.3 TCe Icon,Sedan
Volkswagen,VW CC,1.4 TSi,Coupe
Chevrolet,Aveo,1.3 D LTZ,Sedan
Chevrolet,Cruze,1.6 Design Edition,Sedan
Fiat,Egea,1.4 Fire Mirror,Sedan
Hyundai,i20,1.0 T-GDI Elite,Hatchback/5
BMW,3 Serisi,320i Premium,Sedan
BMW,5 Serisi,520d Exclusive,Sedan
BMW,7 Serisi,740e xDrive Long Pure Excellence,Sedan
Fiat,Egea,1.4 Fire Urban Plus,Sedan
Honda,Civic,1.6i VTEC Eco Executive,Sedan
Hyundai,Accent Blue,1.6 CRDI Mode,Sedan
Citroen,C3,1.4 HDi X Furio,Hatchback/5
Fiat,Egea,1.6 Multijet Urban Plus,Sedan
Ford,Focus,1.6 TDCi Comfort,Hatchback/5
Fiat,Punto,1.3 Multijet Lounge,Hatchback/5
Honda,Civic,1.6i DTEC Elegance,Sedan
Tofaş,Şahin,1.6 ie,Sedan
Volkswagen,Golf,1.6 FSi Comfortline,Hatchback/5
Volkswagen,Jetta,1.4 TSi Comfortline,Sedan
Volkswagen,Passat Variant,1.5 e-TSI Impression,Station wagon
Opel,Astra,1.3 CDTI Edition,Sedan
Audi,A4,A4 Sedan 45 TFSI Quattro Design,Sedan
Chrysler,300 C,2.7,Sedan
Citroen,C-Elysée,1.6 HDi Confort,Sedan
Citroen,C3,1.2 PureTech Live,Hatchback/5
Audi,A4,A4 Sedan 1.6,Sedan
Citroen,C4 Picasso,1.6 THP Exclusive,MPV
Fiat,Linea,1.3 Multijet Urban,Sedan
Ford,Fusion,1.6 Lux,Hatchback/5
Hyundai,Ioniq 6,6,Sedan
Peugeot,206+,1.4 HDi Comfort,Hatchback/5
Renault,Megane,1.5 dCi Privilege,Sedan
Renault,Megane,1.5 dCi Icon,Hatchback/5
Skoda,Octavia,1.6 TDI Optimal,Hatchback/5
Toyota,Avensis,1.6 Comfort,Sedan
Volkswagen,Bora,1.6 Comfortline,Sedan
Audi,A4,A4 Sedan 2.0 TDI Quattro Dynamic,Sedan
BMW,3 Serisi,320d Sport Line,Sedan
Hyundai,Accent Era,1.5 CRDi-VGT Team,Sedan
Hyundai,i10,1.2 MPI Elite,Hatchback/5
Hyundai,i20,1.4 MPI Style,Hatchback/5
Opel,Astra,1.3 CDTI Enjoy,Hatchback/5
Opel,Astra,1.6 CDTI Sport,Sedan
Renault,Clio,1.5 dCi Alize,Sedan
Renault,Fluence,1.5 dCi Business,Sedan
Renault,Grand Scenic,1.5 dCi Privilege,MPV
Renault,Scenic,1.6 Privilege,MPV
Skoda,Octavia,1.6 TDI Style,Hatchback/5
Volkswagen,Golf,1.4 TSi Comfortline,Hatchback/5
Volkswagen,Passat,1.6 TDi BlueMotion Highline,Sedan
Audi,A7,45 TFSI,Hatchback/5
Hyundai,Accent,1.3 LX,Sedan
Audi,A7,3.0 TDI,Coupe
Citroen,e-C4,Shine Bold,Bilinmiyor
Honda,Jazz,1.4 ES,Hatchback/5
Renault,Clio,1.0 TCe Equilibre,Hatchback/5
Renault,Fluence,1.5 dCi Touch Plus,Sedan
Renault,Megane,1.5 dCi Dynamique,Hatchback/5
Renault,R 9,1.4 Broadway RN,Sedan
Renault,R 19,1.4 Beymen Club,Hatchback/5
Suzuki,Swift,1.5 AT,Hatchback/5
Tesla,Model Y,Standart Range,SUV
Volkswagen,Passat,1.5 TSi R Line,Station wagon
Volvo,S60,1.6 D Premium,Sedan
Audi,A6,A6 Sedan 40 TDI Quattro Advanced,Sedan
Chevrolet,Aveo,1.4 SE,Sedan
Opel,Astra,1.6 CDTI Design,Sedan
BMW,3 Serisi,320d Comfort,Sedan
Fiat,Egea,1.3 Multijet Easy Plus,Sedan
Fiat,Egea,1.6 E-Torq Lounge,Sedan
Fiat,Egea,1.6 Multijet Comfort,Sedan
Honda,Civic,1.6i VTEC ES,Sedan
Kia,Ceed,1.6 CRDi Elegance,Hatchback/5
Opel,Astra,1.3 CDTI Essentia Konfor,Hatchback/5
Renault,Clio,1.0 TCe Techno Esprit Alpine,Hatchback/5
Renault,Laguna,2.0 Privilege,Hatchback/5
Renault,Megane,1.3 TCe Joy Comfort,Sedan
Renault,Megane,1.3 TCe Touch,Sedan
Renault,R 9,1.4 Broadway,Sedan
Renault,R 19,1.6 Europa RTE,Sedan
Volkswagen,Passat Variant,2.0 TDi Exclusive,Station wagon
Audi,A4,A4 Sedan 40 TDI S Line,Sedan
Chevrolet,Cruze,1.6 LT Plus,Sedan
BMW,5 Serisi,520d Executive Plus,Sedan
Citroen,e-C4,Shine Bold,Hatchback/5
BMW,1 Serisi,118i M Sport,Hatchback/5
Fiat,Tipo,1.4 ie,Hatchback/5
Honda,Civic,1.6i VTEC Premium,Sedan
Opel,Insignia,1.6 T Edition Elegance,Sedan
Volkswagen,Polo,1.2 TSi Comfortline,Hatchback/5
Smart,ForFour,1.5 CDI Passion,Hatchback/5
Toyota,Corolla,1.4 D-4D Comfort,Sedan
Citroen,C-Elysée,1.2 VTi Confort,Sedan
Fiat,Egea,1.4 Fire Lounge,Sedan
Fiat,Linea,1.3 Multijet Easy,Sedan
Ford,Focus,1.6 TDCi Style,Sedan
Ford,Mondeo,1.6 TDCi Style,Sedan
Hyundai,Accent,1.5 GLS,Sedan
Hyundai,i20,1.4 MPI Elite Smart,Hatchback/5
Renault,Clio,1.0 TCe Icon,Hatchback/5
Skoda,Fabia,1.4 Special,Hatchback/5
Volkswagen,Golf,1.5 eTSI Life,Hatchback/5
BMW,5 Serisi,520i 50th Year M Edition,Sedan
BMW,5 Serisi,520d M Sport,Sedan
BMW,5 Serisi,520d xDrive Executive M Sport,Sedan
Citroen,C5,1.6 HDi SX PK,Sedan
BMW,5 Serisi,520i Executive,Sedan
Citroen,C3,1.6 HDi SX,Hatchback/5
Fiat,Stilo,1.6 Dynamic,Hatchback/5
Opel,Astra,1.3 CDTI Sport,Sedan
Opel,Corsa,1.2 T Ultimate,Hatchback/5
Renault,Megane,1.2 TCe Touch,Hatchback/5
BMW,5 Serisi,520i Premium,Sedan
BMW,3 Serisi,320d xDrive M Sport,Sedan
BMW,M Serisi,M3,Sedan
Fiat,Egea,1.4 Fire Easy Stil,Sedan
Kia,Cerato,1.5 CRDi EX,Hatchback/5
Opel,Corsa,1.3 CDTI Essentia,Hatchback/5
Opel,Insignia,1.6 CDTI Cosmo,Sedan
Renault,Clio,1.5 BlueDCI Joy,Hatchback/5
Renault,Clio,1.5 dCi Grandtour Authentique,Station wagon
Seat,Leon,1.6 TDI CR Style,Hatchback/5
Skoda,Octavia,1.0 e-Tec Elite,Hatchback/5
Toyota,Verso,1.6 Elegant,MPV
Volkswagen,Passat,1.4 TSi BlueMotion Comfortline,Sedan
Citroen,C3,1.2 VTi Cool,Hatchback/5
Seat,Ibiza,1.4 Reference,Hatchback/5
Citroen,C3,1.4 HDi Attraction,Hatchback/5
Ford,Mondeo,1.5 Titanium,Sedan
Hyundai,i20,1.4 CRDi Jump,Hatchback/5
Lexus,ES,300h Business Plus,Sedan
BMW,5 Serisi,520i Special Edition M Sport,Sedan
Hyundai,Accent Era,1.4 Team,Sedan
Audi,A5,A5 Sportback 1.4 TFSI Design,Hatchback/5
Citroen,e-C4,Max,Hatchback/5
BMW,5 Serisi,520i Executive M Sport,Sedan
Volkswagen,Jetta,1.2 TSi BlueMotion Comfortline,Sedan
Hyundai,Elantra,1.6 MPI Style Comfort,Sedan
Mercedes - Benz,C,C 200 BlueTEC AMG,Sedan
Fiat,Linea,1.4 Fire Actual Plus,Sedan
Kia,Ceed,1.6 CRDi Concept,Hatchback/5
BMW,5 Serisi,525d xDrive Executive,Sedan
Kia,Picanto,1.25 MPI Comfort,Hatchback/5
Toyota,Auris,1.4 D-4D Advance Skypack,Hatchback/5
Renault,Clio,1.5 dCi Night & Day,Hatchback/5
BMW,3 Serisi,320i ED Standart,Sedan
BMW,3 Serisi,320i ED Sport Line,Sedan
Ford,Focus,1.6 TDCi Trend,Sedan
Opel,Astra,1.4 T Design,Sedan
Opel,Astra,1.6 CDTI Cosmo,Hatchback/5
Opel,Meriva,1.6 Enjoy,MPV
Renault,Clio,1.5 dCi SportTourer Icon,Station wagon
Renault,R 19,1.6 Europa RNE,Sedan
Skoda,Scala,1.6 TDI Premium,Hatchback/5
Fiat,Bravo,1.6 Mjet Dynamic Plus,Hatchback/5
Fiat,Egea,1.4 Fire Mirror,Hatchback/5
Audi,A3,A3 Sportback 1.6 TDI Ambition,Hatchback/5
BMW,2 Serisi,216d Gran Coupe First Edition Sport Line,Coupe
BMW,4 Serisi,428i Gran Coupe Gran Coupe,Coupe
Opel,Corsa,1.2 T GS,Hatchback/5
Renault,Clio,1.3 TCe Touch,Hatchback/5
Toyota,Auris,1.6 Advance Skypack,Hatchback/5
BMW,5 Serisi,520d Comfort,Sedan
Audi,A7,40 TDI,Hatchback/5
Chevrolet,Aveo,1.3 D LT,Sedan
Citroen,C-Elysée,1.2 VTi Attraction,Sedan
Citroen,C4,1.6 e-HDi Exclusive,Hatchback/5
Citroen,C4,1.6 HDi SX PK,Hatchback/5
Hyundai,i20,1.2 MPI Style,Hatchback/5
Mitsubishi,Lancer,1.8 Intense,Sedan
Seat,Leon,1.6 TDI Style,Hatchback/5
Fiat,Egea,1.4 Fire Urban,SUV
Ford,Fiesta,1.5 TDCi Trend,Hatchback/5
Hyundai,Accent Blue,1.6 CRDI Mode Plus,Sedan
Hyundai,i10,1.1 Select,Hatchback/5
Kia,Rio,1.4 CRDi Comfort,Hatchback/5
Seat,Leon,1.4 TSI FR,Hatchback/5
Tofaş,Doğan,SL,Sedan
Volvo,S60,1.5 T3 Advance,Sedan
Chevrolet,Cruze,1.6 LT,Sedan
BMW,3 Serisi,320d M Sport,Sedan
BMW,3 Serisi,320i First Edition Sport Line,Sedan
Honda,Civic,1.6i VTEC LS,Sedan
Honda,Civic,1.5 i-VTEC Eco Elegance,Sedan
Hyundai,Getz,1.5 VGT HY KLM,Hatchback/5
Renault,Clio,0.9 TCe Sport Tourer Joy,Hatchback/5
Renault,R 19,1.6 Europa iE,Sedan
Toyota,Yaris,1.5 Fun Special,Hatchback/5
Volkswagen,Passat,1.6 TDi BlueMotion Comfortline,Station wagon
Volkswagen,Polo,1.4 TDi Trendline,Hatchback/5
Citroen,C5,1.6 HDi SX,Sedan
BMW,5 Serisi,520d Standart,Sedan
Fiat,Palio,1.4 EL,Hatchback/5
Honda,Jazz,1.4 Fun,Hatchback/5
Hyundai,Accent,1.5 CRDi Admire,Sedan
Opel,Corsa,1.4 Twinport Active,Hatchback/5
Porsche,Panamera,Diesel,Hatchback/5
Renault,R 9,1.6 Fairway,Sedan
Volkswagen,Golf,1.6 TDi BlueMotion Highline,Hatchback/5
Citroen,C-Elysée,1.6 BlueHDI Feel,Sedan
Fiat,Brava,1.6 SX,Hatchback/5
Chevrolet,Cruze,1.6 LS Plus,Sedan
Fiat,Egea,1.3 Multijet Easy Plus,Hatchback/5
Hyundai,Getz,1.5 CRDi Classic,Hatchback/5
Toyota,Auris,1.33 Comfort,Hatchback/5
Volkswagen,Polo,1.2 TSi Lounge,Hatchback/5
Audi,A5,A5 Sportback 1.4 TFSI Sport,Hatchback/5
Citroen,C3,1.2 PureTech Elle,Hatchback/5
Opel,Corsa,1.4 Essentia,Hatchback/5
BMW,5 Serisi,520i Executive Plus,Sedan
Hyundai,i20,1.0 T-GDI Style,Hatchback/5
BMW,5 Serisi,520i Executive Luxury Line,Sedan
Hyundai,i30,1.4 CVVT Team,Hatchback/5
Toyota,Corolla,1.6 Touch,Sedan
Chevrolet,Aveo,1.3 D LT,Hatchback/5
Volkswagen,Scirocco,1.4 TSi Sportline,Coupe
BMW,5 Serisi,520i Prestige,Sedan
Renault,Clio,1.2 SportTourer Joy,Station wagon
BMW,5 Serisi,520i Standart,Sedan
Toyota,Yaris,1.5 Dream,Hatchback/5
Skoda,Octavia,1.6 TDI Style CR,Hatchback/5
BMW,3 Serisi,320d Premium,Sedan
Ford,Focus,1.6 TDCi Trend,Hatchback/3
BMW,5 Serisi,525d xDrive Premium,Station wagon
Fiat,Tipo,1.6 SLX,Hatchback/5
Ford,Focus,1.5 EcoBlue Titanium,Sedan
Audi,Q2,35 TFSI Advanced,SUV
BMW,3 Serisi,318i Prestige,Sedan
Opel,Vectra,1.8 GL,Sedan
Peugeot,e-208,GT,Hatchback/5
Renault,Clio,0.9 TCe Joy,Hatchback/5
Toyota,Corolla,1.6 Advance,Sedan
Mercedes - Benz,C,C 200 D Exclusive,Sedan
Opel,Mokka,1.4 Cosmo,SUV
BMW,5 Serisi,520d xDrive Special Edition M Sport,Sedan
Fiat,Punto,EVO 1.3 Multijet Dynamic,Hatchback/5
Mercedes - Benz,CLA,200 AMG+ 4Matic,Coupe
Ford,Fiesta,1.0 Titanium,Hatchback/5
Mercedes - Benz,E,180 Elite,Sedan
Ford,Focus,1.6 Titanium,Hatchback/5
Toyota,Corolla,1.33 Life,Sedan
Hyundai,i20,1.4 CVVT Elite,Hatchback/5
Opel,Corsa,1.2 Twinport Essentia,Hatchback/5
Hyundai,Elantra,1.6 D-CVVT Style,Sedan
Citroen,C4,1.6 HDi Attraction,Hatchback/5
BMW,5 Serisi,520i Edition M Sport,Sedan
Audi,A3,A3 Sedan 1.6 TDI Attraction,Sedan
Toyota,Corolla,1.6 Active,Sedan
Audi,A3,A3 Hatchback 1.6 Ambition,Hatchback/3
Renault,Symbol,1.2 Joy,Sedan
Mitsubishi,Space Star,1.2 Intense,Hatchback/5
Renault,Megane,1.5 dCi Icon,Sedan
Ford,Focus,1.5 EcoBlue Titanium Stil,Sedan
Renault,Fluence,1.5 dCi Icon,Sedan
Seat,Leon,1.0 eTSI Style Plus,Hatchback/5
Toyota,Yaris,1.33 Fun Special,Hatchback/5
Toyota,Corolla Cross,1.8 Hybrid Passion X-Pack,SUV
Toyota,Corolla Cross,1.8 Hybrid Flame X-Pack,SUV
Honda,Civic,1.5 i-VTEC Executive Plus,Sedan
Chery,Omoda 5,1.6 TGDI Luxury,SUV
Volkswagen,Passat,2.0 TDi BlueMotion Highline,Sedan
Toyota,Yaris,1.5 Hybrid Cool,Hatchback/5
Volkswagen,T-Cross,1.0 TSI Life,SUV
Volvo,XC40,1.5 T3 Inscription,SUV
Cupra,Formentor,1.5 TSI,SUV
BMW,3 Serisi,320d Edition Comfort,Sedan
Hyundai,Kona,1.6 CRDI Elite Smart,SUV
Opel,Mokka,1.2 T GS,SUV
BMW,5 Serisi,525d xDrive Exclusive,Sedan
Mercedes - Benz,C,C 200 D AMG,Sedan
BMW,2 Serisi,218i Gran Coupe M Sport,Coupe
Nissan,Qashqai,1.2 DIG-T Tekna,SUV
Volkswagen,T-Roc,1.5 TSI Style,SUV
BMW,5 Serisi,525d xDrive Executive M Sport,Sedan
Volkswagen,Tiguan,1.6 TDi Trendline,SUV
BMW,3 Serisi,316i Premium,Sedan
Seat,Ibiza,1.2 TSI Style,Hatchback/5
Opel,Astra,1.3 CDTI Cosmo,Hatchback/5
Nissan,Juke,1.5 dCi Sport Pack,SUV
Toyota,Corolla,1.4 D-4D Comfort Extra,Sedan
Audi,A6,A6 Sedan 45 TFSI Quattro Advanced,Sedan
Skoda,Kamiq,1.0 TSI Premium,SUV
BMW,5 Serisi,525d xDrive Executive Luxury,Sedan
Suzuki,S-Cross,1.4 Hybrid GLX Premium,Crossover
Hyundai,i20,1.4 MPI Style Plus,Hatchback/5
Toyota,Corolla Cross,1.8 Hybrid Passion,SUV
BMW,3 Serisi,318i Premium Line,Sedan
Dacia,Duster,1.5 BlueDCI Comfort,SUV
Mini,Cooper Countryman,1.6 S,SUV
Fiat,Marea,1.6 SX,Sedan
Renault,Megane,1.5 Blue DCI Icon,Sedan
Nissan,Skystar,4x2,Hard top
Renault,Clio,1.5 dCi Expression,Hatchback/5
Volkswagen,Golf,1.0 TSi Impression,Hatchback/5
Opel,Astra,1.3 CDTI Sport,Hatchback/5
Hyundai,i20 Active,1.4 MPi Elite,Hatchback/5
Hyundai,Accent Era,1.6 Style,Sedan
Audi,Q3,1.4 TFSi,SUV
Volkswagen,Passat,1.6 TDi BlueMotion Business,Station wagon
BMW,5 Serisi,525d xDrive M Sport,Sedan
BMW,3 Serisi,320d Techno Plus,Sedan
Hyundai,Accent Era,1.4 Start,Sedan
Hyundai,Accent Era,1.4 Select,Sedan
BMW,5 Serisi,528i Standart,Sedan
Hyundai,Getz,1.4 DOHC AB AC,Hatchback/5
Hyundai,i20 Troy,1.4 CVVT Mode,Hatchback/5
Hyundai,Accent Blue,1.4 D-CVVT Mode Plus,Sedan
Fiat,Punto,1.3 Multijet Dynamic,Hatchback/5
Audi,A3,A3 Sportback 1.6 TDI Ambiente,Hatchback/5
Audi,A6,A6 Sedan 45 TFSI Quattro S Line,Sedan
BMW,3 Serisi,320d M Sport,Coupe
Ford,Fiesta,1.4 TDCi Titanium,Hatchback/5
Toyota,Hilux,2.4 D-4D 4x4 Invincible,SUV
Hyundai,Accent,1.3 LS,Hatchback/3
Opel,Crossland X,1.5 CDTI 120.Yıl,SUV
Volkswagen,Jetta,1.4 TSi BlueMotion Highline,Sedan
BMW,5 Serisi,530i xDrive Luxury Line,Sedan
BMW,5 Serisi,530i xDrive Executive M,Sedan
Toyota,Corolla,1.6 Premium,Sedan
Toyota,Auris,1.4 D-4D Comfort Extra,Hatchback/5
Renault,Clio,0.9 TCe Icon,Hatchback/5
Toyota,Auris,1.6 Comfort,Hatchback/5
BMW,X1,16d sDrive X Line,SUV
Volkswagen,Passat,1.4 TSi Trendline,Sedan
BMW,7 Serisi,730i M Excellence,Sedan
Kia,Picanto,1.0 MPI,Hatchback/5
BMW,7 Serisi,725d Long Pure Excellence,Sedan
Kia,Stonic,1.4 MPI Cool,SUV
Volvo,XC90,2.0 B5 Inscription,SUV
BMW,7 Serisi,740i Long,Sedan
TOGG,T10X,V2,SUV
Mini,Cooper,1.6 Türkiye Paketi,Hatchback/3
Kia,Sportage,1.6 GSL Plus,SUV
Skoda,Kamiq,1.0 TSI Elite,SUV
Opel,Mokka,1.6 CDTI Enjoy,SUV
Kia,Stonic,1.4 MPI Business,SUV
Fiat,Tempra,1.6 SX A,Sedan
Opel,Corsa,1.2 T Edition,Hatchback/5
Opel,Astra,1.3 CDTI Enjoy 111.Yıl,Sedan
Skoda,Fabia,1.0 GreenTec Style,Hatchback/5
Renault,R 19,1.6 Europa RT,Hatchback/5
BMW,i Serisi,i5 eDrive 40 M Sport,Sedan
BMW,i Serisi,i4 eDrive 40 Edition M Sport,Coupe
BMW,1 Serisi,120i M Sport,Hatchback/5
Skoda,SuperB,1.6 TDI Elegance,Sedan
Toyota,Auris,1.6 Comfort Extra,Hatchback/5
Porsche,Panamera,4,Hatchback/5
BMW,i Serisi,i5 eDrive30 M Sport,Sedan
Tofaş,Kartal,SLX,Station wagon
Kia,Rio,1.25 CVVT Comfort,Hatchback/5
Opel,Astra,1.3 CDTI Edition,Hatchback/5
Ford,Focus,1.6 Ti-VCT Style,Sedan
Renault,Talisman,1.6 dCi Touch,Sedan
Fiat,Tempra,1.6 SX,Sedan
Opel,Astra,1.6 CDTI Enjoy,Hatchback/5
Fiat,Albea,Sole 1.3 Multijet Dynamic,Sedan
Chevrolet,Aveo,1.2 LS,Sedan
Opel,Insignia,2.0 CDTI Cosmo Sports Tourer,Station wagon
Audi,A3,A3 Sportback 1.4 TFSI Ambition,Hatchback/3
Opel,Corsa,1.3 CDTI Enjoy 111,Hatchback/5
Renault,Megane,1.5 dCi Joy,Hatchback/5
Nissan,Micra,1.2 Match,Hatchback/5
Toyota,Corolla,1.4 D-4D Premium,Sedan
BMW,i Serisi,i4 eDrive 40 M Sport,Hatchback/5
Audi,A3,A3 Sedan 1.6 TDI Design Line,Sedan
Opel,Insignia,2.0 CDTI Cosmo,Sedan
BMW,X3,20i sDrive M Sport,SUV
Toyota,Avensis,1.6 Elegant,Sedan
Volvo,XC90,2.0 B5 Plus Bright,SUV
BMW,M Serisi,M5,Sedan
Opel,Crossland,1.2 T Essential,SUV
Audi,A3,A3 Sedan 1.6 TDI Ambition,Sedan
Hyundai,Accent Blue,1.6 CRDI Biz,Sedan
Audi,A3,A3 Sportback 35 TFSI Advanced,Hatchback/5
Citroen,C5 Aircross,1.2 Hybrid Max,SUV
Hyundai,i10,1.2 D-CVVT Elite,Hatchback/5
Seat,Leon,1.6 TDI Xcellence,Hatchback/5
Volkswagen,Passat,1.6 TDi BlueMotion Trendline,Sedan
Volkswagen,Touareg,3.0 TDI Premium,SUV
BMW,1 Serisi,116i Sport Line,Hatchback/5
Opel,Insignia,1.5 d Edition,Hatchback/5
Renault,Megane,1.5 dCi Authentique,Sedan
Fiat,Punto,Grande 1.4 Fire Active,Hatchback/3
Opel,Mokka,1.4 Enjoy,SUV
BMW,5 Serisi,530i xDrive M Sport,Sedan
Tofaş,Doğan,SLX,Sedan
BYD,Seal,Design,Sedan
BYD,Han,Bilinmiyor,Sedan
Toyota,Verso,1.6 Comfort Extra,MPV
BYD,Seal,Excellence,Sedan
Mini,Cooper,1.5 D Chili,Hatchback/5
Opel,Insignia,1.6 CDTI Edition Elegance,Sedan
Dacia,Sandero,1.0 T Comfort,Hatchback/5
Ford,Focus,1.5 EcoBlue Trend X,Sedan
Ford,Mondeo,2.0 TDCi Titanium,Sedan
Honda,Civic,1.6i VTEC Eco Premium,Sedan
MG,MG7,1.5 Excellence,Hatchback/5
Audi,A5,A5 Sedan,Sedan
Volkswagen,Arteon,2.0 TDI Elegance,Hatchback/5
Audi,A3,A3 Sportback 1.6 Attraction,Hatchback/5
Audi,A4,A4 Sedan 2.0 TDI Quattro,Sedan
Volkswagen,Golf,1.0 eTSI Style,Hatchback/5
Renault,Clio,0.9 TCe Sport Tourer Joy,Station wagon
Dacia,Lodgy,1.5 BlueDCI Laureate,MPV
Skoda,Octavia,1.6 Elegance,Hatchback/5
Opel,Grandland,1.2 Turbo GS,SUV
Tofaş,Kartal,SL,Station wagon
Skoda,Fabia,1.4 TDI Classic,Station wagon
Opel,Astra,1.4 T Enjoy Plus,Hatchback/5
Renault,Megane,1.5 dCi Authentique,Hatchback/5
BMW,3 Serisi,320i ED Luxury Line Plus,Sedan
Nissan,Micra,1.2 Tekna,Hatchback/5
Ford,Mondeo,1.6 TDCi Trend,Sedan
Hyundai,Elantra,1.6 D-CVVT Prime Plus,Sedan
Toyota,Auris,1.6 Active Skypack,Hatchback/5
Nissan,Micra,1.3 GX,Hatchback/5
Opel,Astra,1.0 T Enjoy,Hatchback/5
Volkswagen,Golf,1.4 TSi Highline,Hatchback/5
Volkswagen,Tayron,1.5 e-TSI Elegance,SUV
Volkswagen,Golf,1.5 eTSI Style,Hatchback/5
Opel,Grandland-e,GS,SUV
Chevrolet,Aveo,1.4 SX,Sedan
Chevrolet,Aveo,1.4 LTZ,Sedan
Toyota,Auris,1.6 Active,Hatchback/5
Toyota,Yaris,1.5 Hybrid Spirit,Hatchback/5
Opel,Astra,1.6 CDTI Excellence,Station wagon
Renault,Megane,1.5 dCi Exception,Sedan
Ford,Fiesta,1.25 Flair,Hatchback/5
BMW,1 Serisi,116i Joy Edition,Hatchback/5
BYD,Dolphin,Bilinmiyor,Hatchback/5
Renault,Clio,1.2 Grandtour Extreme,Station wagon
Volkswagen,Polo,1.6 TDi Comfortline,Hatchback/5
Fiat,Palio,1.2 Dynamic,Hatchback/5
Hyundai,Tucson,1.6 GDi Style,SUV
Volkswagen,Golf,1.6 TDi BlueMotion Midline Plus,Hatchback/5
Ford,Kuga,1.5 EcoBoost Selective,SUV
Seat,Ibiza,1.0 Referance,Hatchback/5
Renault,Megane,1.5 dCi Privilege,Station wagon
Fiat,Egea Cross,1.4 Fire Urban,SUV
Nissan,Qashqai,1.3 DIG-T Sky Pack Plus,SUV
Renault,R 19,1.4 Europa RL,Sedan
Audi,A3,A3 Sedan 1.6 TDI Sport Line,Sedan
Kia,Picanto,1.0 MPI Feel,Hatchback/5
BMW,3 Serisi,318i Edition Sport Line,Sedan
Cupra,Leon,1.5 eTSI Standart,Hatchback/5
Renault,Megane,1.5 dCi Touch Plus,Hatchback/5
Audi,A4,A4 Sedan 1.4 TFSI Dynamic,Station wagon
Chevrolet,Aveo,1.4 LT,Hatchback/5
Renault,Megane,1.5 dCi Dynamique,Sedan
BMW,Z Serisi,Z4 2.5,-
Tofaş,Serçe,Bilinmiyor,Sedan
Hyundai,Tucson,1.6 T-GDi Elite Plus,SUV
Ford,Focus,1.5 TDCi Titanium X,Sedan
Volkswagen,Passat,1.5 TSi Business,Sedan
Hyundai,i20,1.2 MPI Elite,Hatchback/5
Kia,Sportage,1.6 GDI Comfort,SUV
Hyundai,i10,1.0 D-CVVT Style,Hatchback/5
Renault,Fluence,1.5 dCi Extreme,Sedan
Fiat,Linea,1.4 Fire Mood,Sedan
Audi,A3,A3 Sportback 1.6 TDI Sport Line,Hatchback/5
Chevrolet,Aveo,1.4 LS,Sedan
Nissan,Juke,1.0 DIG-T Tekna,SUV
Renault,Clio,1.0 TCe Evolution,Hatchback/3
Hyundai,Accent Blue,1.4 CVVT Mode,Sedan
Skoda,Rapid,1.6 TDI Elegance,Sedan
Fiat,Egea,1.6 Multijet Lounge,Sedan
Nissan,Qashqai,1.6 dCi Platinum Premium Pack,SUV
Volkswagen,Golf,1.6 TDi Comfortline,Hatchback/5
Fiat,Albea,1.2 EL,Sedan
Fiat,Bravo,1.6 SX,Hatchback/3
Skywell,ET5,Legend,SUV
BMW,3 Serisi,320d Standart,Sedan
Suzuki,Grand Vitara,2.0 JLX-AL,SUV
BMW,3 Serisi,316i M Sport,Sedan
Fiat,500 Ailesi,500L 1.3 Mjet Cross Plus,MPV
Fiat,Egea Cross,1.6 Multijet Urban,SUV
Citroen,C-Elysée,1.6 BlueHDI Live,Sedan
Audi,A3,A3 Sedan 35 TFSI S-Line,Sedan
Dacia,Sandero,0.9 TCe Stepway Easy-R,Hatchback/5
Suzuki,S-Cross,1.4 Hybrid GL Elegance,SUV
Toyota,Yaris,1.33 Terra Sporty,Hatchback/5
Volkswagen,Passat,1.5 TSi Elegance,Sedan
Fiat,Linea,1.3 Multijet Actual,Sedan
Mercedes - Benz,CLA,180 D AMG,Coupe
Chevrolet,Cruze,1.6 Sport Plus,Hatchback/5
BMW,3 Serisi,316ti Compact,Hatchback/3
Audi,A3,A3 Sportback 1.6 TDI Attraction,Hatchback/5
Fiat,Punto,1.4 Popstar S&S,Hatchback/5
BMW,3 Serisi,316i Comfort,Sedan
Audi,A3,A3 Sedan 35 TFSI Dynamic,Hatchback/5
Seat,Ibiza,1.0 Style,Hatchback/5
Peugeot,301,1.6 HDi Active,Sedan
Opel,Vectra,2.0 CD,Sedan
Fiat,Tipo,1.6 SX,Hatchback/5
Citroen,C5 Aircross,1.5 BlueHDI Shine,SUV
Volkswagen,T-Roc,1.5 TSI Highline,SUV
Fiat,Palio,1.3 Multijet Active,Hatchback/5
Seat,Ibiza,1.4 Style,Hatchback/5
Nissan,X-Trail,1.5 e-4ORCE Sky Pack,SUV
Seat,Ibiza,1.6 TDI Style,Hatchback/5
Fiat,Albea,Sole 1.3 Multijet Premio Plus,Sedan
Ssangyong,Musso Grand,2.2 D Platinum Plus,Hard top
Fiat,Palio,1.3 Multijet Dynamic,Hatchback/5
Volkswagen,Tiguan,1.5 TSI R-Line,SUV
Honda,HR-V,1.5 e-HEV Elegance,SUV
Seat,Ateca,1.5 EcoTSI Xperience,SUV
Renault,Clio,1.2 Joy,Station wagon
Opel,Insignia,1.5 d Elegance,Hatchback/5
Citroen,C4,1.2 PureTech Max,Sedan
Hyundai,Elantra,1.6 MPI Style,Sedan
Kia,Sportage,1.6 GDI Cool,SUV
Audi,A5,A5 Sportback 40 TDI Quattro S Line,Hatchback/5
Audi,A5,A5 Sportback 2.0 TDI Quattro,Hatchback/5
Renault,Clio,1.2 TCE Icon,Hatchback/5
Renault,Symbol,1.0 SCe Touch,Sedan
Audi,A3,A3 Sedan 35 TFSI Design,Sedan
BMW,3 Serisi,320i 50th Year M Edition,Sedan
Chevrolet,Cruze,1.6 LS Plus,Station wagon
Renault,Kadjar,1.5 dCi Icon,SUV
Nissan,X-Trail,2.0 Elegance,SUV
Skoda,Kodiaq,1.5 TSI GreenTec Elite,SUV
Volkswagen,Polo,1.4 TDi Bluemotion,Hatchback/5
Honda,Jazz,1.5 Hybrid Crosstar Executive,Hatchback/5
Audi,A5,A5 Sportback 45 TFSI Quattro S Line,Hatchback/5
Volkswagen,Jetta,1.6 TDi Trendline,Sedan
Mercedes - Benz,A,A 200 AMG,Hatchback/5
Mercedes - Benz,CLA,200 AMG,Coupe
Mini,Cooper Countryman,1.5 D One Classic,SUV
Volkswagen,Passat,1.8 T Comfortline,Sedan
Volkswagen,Passat,1.6 TDi BlueMotion R Line,Sedan
Audi,A3,A3 Sedan 1.6 TDI Ambiente,Sedan
Nissan,Qashqai,1.6 dCi Sky Pack,SUV
Chevrolet,Cruze,1.6 WTCC Edition,Sedan
Audi,Q5,2.0 TDI Quattro,SUV
Fiat,Egea,1.5 T4 Lounge,Sedan
Ford,Fiesta,1.4 Titanium,Hatchback/5
Chevrolet,Cruze,1.6 LS,Hatchback/5
Chevrolet,Cruze,1.6 Sport Plus,Sedan
Chevrolet,Cruze,1.6,Sedan
Audi,A3,A3 Sportback 35 TFSI S-Line,Hatchback/5
Porsche,Macan,2.0,SUV
Ford,Fiesta,1.0 GTDi Titanium,Hatchback/5
Volvo,XC40,2.0 D3 Momentum,SUV
Kia,Sportage,1.6 GDI Concept Plus,SUV
Dacia,Duster,1.0 Tce Comfort,SUV
Fiat,Panda,1.0 Hybrid City,Hatchback/5
Toyota,Corolla,1.4 D-4D Class,Sedan
Ford,Focus,1.5 Ti-VCT Trend X,Sedan
BMW,4 Serisi,418i Gran Coupe Sport Line,Coupe
Volkswagen,Golf,1.2 TSi Midline Plus,Hatchback/5
Volkswagen,Passat Variant,1.5 TSI Business,Station wagon
Audi,A3,A3 Sedan 1.6 TDI S Line,Sedan
Fiat,Tipo,1.6 S,Hatchback/5
Volvo,V40,1.5 T3 Momentum,Hatchback/5
Chevrolet,Corvette,C5,Cabrio
Volkswagen,Passat,2.0 TDi Comfortline,Sedan
Mercedes - Benz,E,200 d Exclusive,Sedan
Volkswagen,Polo,1.2 TDi Trendline,Hatchback/5
Dacia,Jogger,1.0 TCe Expression,MPV
Ford,C-Max,1.6 Trend,MPV
Skoda,Fabia,1.5 TSI Monte Carlo,Hatchback/5
Chevrolet,Cruze,1.6 LS,Station wagon
Toyota,Verso,1.6 Comfort Extra,Hatchback/5
Peugeot,208,1.4 HDi Active,Hatchback/5
Mazda,3,1.6 Dynamic,Sedan
Fiat,Palio,1.4 Fire Dynamic Sole,Hatchback/5
Volkswagen,Taigo,1.0 TSI Life,SUV
Ford,Focus,1.6 Ambiente,Hatchback/5
Fiat,Uno,70 SX,Hatchback/5
BMW,7 Serisi,735i Long,Sedan
Fiat,Palio,1.3 Multijet Active Sole,Hatchback/5
Audi,A3,A3 Sportback 1.0 TFSI Dynamic,Hatchback/5
Peugeot,208,1.2 PureTech Active Prime,Hatchback/5
Volkswagen,Tiguan,1.5 TSI Life,SUV
Ford,Focus,1.6 Collection,Hatchback/5
Audi,A3,A3 Sportback 1.6 TDI Design Line,Hatchback/5
Ford,Mondeo,2.0 Ghia,Hatchback/5
Hyundai,Elantra,1.6 MPI Elite,Sedan
Mercedes - Benz,A,A 180 CDI BlueEfficiency Urban,Hatchback/5
Mercedes - Benz,B,B 180 BlueEFFICIENCY Elite,MPV
Ford,Focus,1.5 Ti-VCT Titanium,Sedan
Ford,Fiesta,1.5 TDCi Titanium,Hatchback/5
Mercedes - Benz,A,A 180 d AMG,Hatchback/5
Audi,A3,A3 Hatchback 1.4 TFSI Attraction,Hatchback/3
Fiat,Egea,1.4 Fire Street,Hatchback/5
Citroen,C3,1.4 HDi X,Hatchback/5
BMW,1 Serisi,116i Advantage,Hatchback/5
Volvo,S80,2.4 D5 VIP,Sedan
Chevrolet,Camaro,SS,Coupe
Volvo,S90,2.0 D5 Inscription,Sedan
Audi,A4,A4 Avant 2.0 TDI,Station wagon
Audi,A3,A3 Sportback 1.6 TDI Attraction,Hatchback/3
Toyota,Auris,1.6 Advance Skypack,Station wagon
BMW,3 Serisi,316i Luxury Line,Sedan
Audi,A5,A5 Coupe 40 TDI Quattro S Line,Coupe
Citroen,C3,1.4 HDi Confort,Hatchback/5
Peugeot,3008,1.6 BlueHDi Active Sport Pack,SUV
Citroen,e-C3,Max,Hatchback/5
Audi,A3,A3 Sportback 1.2 TFSI Attraction,Hatchback/3
Peugeot,206,1.4 X-Line,Hatchback/5
Mercedes - Benz,B,B 150 Boyut,MPV
Opel,Grandland,1.2 Turbo Hybrid Edition,SUV
BMW,3 Serisi,320d Premium Line,Sedan
Fiat,Punto,Grande 1.4 Fire Dynamic,Hatchback/3
Citroen,C3,1.2 PureTech SX Edition,Hatchback/5
BYD,Seal U DM-i,1.5 Phev,SUV
Peugeot,308,1.2 PureTech GT,Hatchback/5
Honda,CR-V,2.0i Executive,SUV
Citroen,C3,1.4 HDi SX,Hatchback/5
Chevrolet,Lacetti,1.6 WTCC,Sedan
Chevrolet,Lacetti,1.6 SX,Sedan
Nissan,Qashqai,1.5 dCi Tekna,SUV
Audi,A3,A3 Sedan 1.0 TFSI Dynamic,Sedan
Renault,Taliant,1.0 Sce Joy,Sedan
Toyota,C-HR,1.8 Hybrid Passion,SUV
Renault,Megane,1.3 TCe Touch,Hatchback/5
Fiat,500 X,1.6 E-Torq Pop,SUV
Mercedes - Benz,E,200 Kompressor Avantgarde,Sedan
Citroen,AMİ,My Ami Pop,Hatchback/3
BMW,i Serisi,i4 eDrive 40 Edition M Sport,Sedan
Mercedes - Benz,E,250 CGI Elite,Sedan
Audi,A3,A3 Sportback 1.6 Ambition,Hatchback/3
Renault,Megane E-Tech,Iconic,SUV
Tofaş,Doğan,S,Sedan
Audi,A3,A3 Sedan 35 TFSI Sport,Sedan
Opel,Mokka,1.2 T Elegance,SUV
Kia,Rio,1.5 CRDi Trend,Hatchback/5
Toyota,Corolla,1.6 XE,Sedan
Volkswagen,Tiguan,1.4 TSI Sport&Style,SUV
Ssangyong,Torres,1.5 GDI,SUV
Toyota,Corolla,1.4 D-4D Touch,Sedan
Hyundai,ix35,1.6 GDI Style Plus,SUV
Audi,A3,A3 Sportback 1.4 TFSI Ambiente,Hatchback/5
Opel,Corsa,1.3 CDTI Active,Hatchback/5
Hyundai,Tucson,1.6 CRDi Elite,SUV
Kia,Cerato,1.6 CRDi Concept Plus,Sedan
BMW,6 Serisi,630i Gran Turismo M Sport,Hatchback/5
Chrysler,300 C,3.0 CRD,Sedan
Opel,Corsa,1.4 Twinport Enjoy,Hatchback/5
Ford,Focus,1.6 Comfort,Sedan
Dacia,Duster,1.3 Tce Extreme,SUV
Hyundai,Kona,1.0 T-GDI Style,SUV
Citroen,C-Elysée,1.2 PureTech Live,Sedan
Citroen,C1,1.0 SX Sensodrive,Hatchback/5
Renault,Talisman,1.6 dCi Icon,Sedan
Audi,A3,A3 Sportback 1.4 TFSI Ambition,Hatchback/5
Citroen,C4 Picasso,1.6 HDi SX PK,MPV
Audi,A3,A3 Sportback 1.6 Sportback Attraction,Hatchback/5
Audi,A3,A3 Sedan 35 TFSI Dynamic,Sedan
Renault,Clio,1.2 Joy,Hatchback/5
BMW,5 Serisi,530i xDrive Executive Luxury,Sedan
Mercedes - Benz,C,C 200 AMG,Sedan
Seat,Ibiza,1.5 EcoTSI FR,Hatchback/5
Ford,Ranger,2.2 TDCi XLT,SUV
Opel,Astra,1.6 Edition Plus,Sedan
BMW,M Serisi,M5 Competition,Sedan
Opel,Astra,1.6 Edition,Sedan
Opel,Corsa-e,GS,Hatchback/5
Audi,A7,2.0 TFSI,Coupe
Renault,Megane,1.6 RTE,Hatchback/5
Renault,Clio,1.5 dCi Expression,Sedan
Renault,Megane,1.5 dCi Authentique,Hatchback/3
Jeep,Grand Cherokee,5.2 Limited,SUV
Citroen,C4,1.4 SX,Hatchback/5
Seat,Toledo,1.4 TDI Style,Hatchback/5
Citroen,C4,1.6 SX,Hatchback/5
Opel,Corsa,1.3 CDTI Enjoy,Hatchback/3
Fiat,Linea,1.4 Fire Pop,Sedan
BMW,3 Serisi,320d Luxury,Sedan
Toyota,Corolla,1.4 D-4D Elegant,Sedan
Fiat,Tipo,1.4 SX ie,Hatchback/5
Dacia,Logan,1.4 Ambiance,Sedan
Opel,Astra,1.3 CDTI Essentia,Sedan
Citroen,C4,1.6 BlueHDi Confort,Hatchback/5
Audi,A8,2.0 TFSI Quattro,Sedan
Fiat,Albea,1.3 Multijet SL,Sedan
BMW,3 Serisi,320i,Sedan
Dacia,Jogger,1.0 Eco-G Essential,MPV
Hyundai,Getz,1.4 DOHC HY KLM,Hatchback/5
Citroen,e-C3,Plus,Hatchback/5
Skoda,Scala,1.5 TSI Premium,Hatchback/5
Dacia,Sandero,1.2 Ambiance,Hatchback/5
Citroen,C3,1.2 PureTech Feel S Edition,Hatchback/5
Chevrolet,Kalos,1.4 SX,Sedan
Audi,A3,A3 Sportback 1.4 TFSI Attraction,Hatchback/3
Ford,Focus,1.6 Ghia,Sedan
Ford,Focus,1.6 TDCi Titanium,Sedan
Dacia,Logan,1.4 Black Line,Sedan
BMW,1 Serisi,116d ED Sport Line,Hatchback/5
Volkswagen,New Beetle,1.4 TSi Design,Hatchback/3
Ford,Fiesta,1.4 Comfort,Hatchback/5
Dacia,Sandero,1.4 Ambiance,Hatchback/5
BMW,2 Serisi,230e xDrive Luxury Line,MPV
Fiat,Albea,Sole 1.3 Multijet Active Plus,Sedan
Volkswagen,Jetta,1.4 TSi Highline,Sedan
Tofaş,Kartal,Kartal 5 Vites,Station wagon
Dacia,Lodgy,1.5 dCi Laureate,MPV
Audi,A3,A3 Sportback 30 TDI Design,Hatchback/5
Audi,A4,A4 Sedan 40 TDI Quattro S Line,Sedan
Mercedes - Benz,EQB,250+ AMG,SUV
Ford,Ranger,2.0 EcoBlue 4x4 Wildtrak,SUV
Renault,R 9,1.4 Broadway GTE,Sedan
Hyundai,i20,1.2 MPI Elite Smart,Hatchback/5
Mercedes - Benz,GLB,200 AMG,Crossover
Tofaş,Doğan,SLX ie,Sedan
Opel,Astra,1.6 Edition,Hatchback/5
Skoda,SuperB,1.4 TSI Elegance,Sedan
Renault,Clio,0.9 TCe Touch,Hatchback/5
Skoda,SuperB,1.6 TDI Active,Sedan
Dacia,Duster,1.6 Sce Prestige,SUV
Opel,Astra,1.4 Enjoy,Hatchback/5
Skoda,SuperB,1.6 TDI Style,Sedan
Skoda,Octavia,1.5 Mhev Elite,Sedan
Skoda,Fabia,1.2 TSI Style,Hatchback/5
Chevrolet,Cruze,1.4 T LTZ,Hatchback/5
Audi,A3,A3 Sportback 1.6 Attraction,Hatchback/3
Chery,Tiggo 7 Pro,1.6 TGDI Comfort,SUV
BMW,1 Serisi,116d First Edition M Sport,Hatchback/5
BMW,1 Serisi,116d M Sport,Hatchback/5
Toyota,Yaris,1.33 Cool,Hatchback/5
Ford,Focus,1.5 EcoBlue Titanium X,Hatchback/5
BMW,2 Serisi,218i Gran Coupe First Edition Sport Line,Coupe
Nissan,Juke,1.6 Tekna,SUV
Nissan,Qashqai,1.5 dCi Black Edition,SUV
Audi,A4,A4 Sedan 1.8 T,Sedan
Audi,A4,A4 Sedan 1.9 TDI,Sedan
Dacia,Sandero,0.9 TCe Turbo Stepway,Hatchback/5
Dacia,Sandero,1.0 T Prestige,Hatchback/5
Opel,Astra,1.2 T GS,Hatchback/5
BMW,3 Serisi,320i ED Techno Plus,Sedan
Opel,Mokka-e,Ultimate,SUV
Peugeot,5008,1.5 BlueHDI Allure Selection,SUV
Opel,Mokka,1.2 T Edition,SUV
Peugeot,2008,1.2 PureTech GT,SUV
Citroen,C4,1.2 PureTech Feel Bold,SUV
Volkswagen,VW CC,1.4 TSi Exclusive,Coupe
BMW,4 Serisi,420i Gran Coupe Edition M Sport,Coupe
Dacia,Sandero Stepway,1.0 Eco-G Essential,SUV
BMW,1 Serisi,118i First Edition M Sport,Hatchback/5
Peugeot,3008,1.2 Hybrid Allure,SUV
Skoda,Fabia,1.2 TSI Ambition,Hatchback/5
Peugeot,206,1.4 Color Line,Hatchback/5
Fiat,Linea,1.4 Fire Easy,Sedan
Honda,Civic,1.6 Dream,Sedan
Fiat,Punto,Grande 1.3 Multijet 1.3 Multijet,Hatchback/3
BMW,2 Serisi,216d Gran Coupe Sport Line,Coupe
Opel,Corsa,1.4 Twinport Enjoy 111,Hatchback/5
Opel,Grandland,1.2 T GS,SUV
Citroen,C4,1.2 PureTech Shine Bold,Hatchback/5
Volkswagen,Jetta,1.6 FSi Comfortline,Sedan
Peugeot,RCZ,1.6 THP Yearling,Coupe
Fiat,Uno,70 SXie,Hatchback/5
BMW,2 Serisi,216d Gran Coupe First Edition M Sport,Coupe
Opel,Astra,1.4 T Sport,Sedan
Volvo,XC60,2.0 D4,SUV
Audi,A6,A6 Sedan 3.0 TDI Quattro,Sedan
Fiat,Albea,Sole 1.4 Fire Premio Plus,Sedan
BMW,2 Serisi,216d Gran Tourer Luxury Line,MPV
Mitsubishi,ASX,1.6 MIVEC Intense,SUV
Volkswagen,Golf,1.5 TSi Impression,Hatchback/5
Ford,Fusion,1.6 TDCi Lux,Hatchback/5
BMW,3 Serisi,320d xDrive Premium Line,Sedan
BMW,2 Serisi,218i Gran Coupe Sport Line,Coupe
Citroen,C3,1.2 PureTech Selection,Hatchback/5
Audi,A4,A4 Sedan 2.0 TDI Sport,Sedan
Fiat,Albea,Sole 1.4 Fire Dynamic,Sedan
BMW,2 Serisi,218i Active Tourer Active Tourer,MPV
Fiat,Egea,1.6 Multijet Urban,Sedan
Fiat,Egea,1.4 Fire Easy Plus,Hatchback/5
Volvo,XC90,2.0 T8 Recharge Plus Bright,SUV
Fiat,Egea,1.6 Multijet Urban,Hatchback/5
Renault,Laguna,1.6 Expression,Hatchback/5
Citroen,C3 Aircross,1.2 PureTech Feel Bold,SUV
Fiat,Albea,1.3 Multijet Active,Sedan
Dacia,Sandero,1.5 dCi Ambiance,Hatchback/5
Volkswagen,Golf,2.0 TSi R 4Motion,Hatchback/5
Mercedes - Benz,C,C 200 AMG,Coupe
Skoda,Octavia,1.6 TDI Elegance CR,Hatchback/5
Fiat,500 Ailesi,500L 1.3 Mjet PopStar,MPV
Toyota,Corolla,1.4 D-4D Life,Sedan
BMW,3 Serisi,320d Touring,Station wagon
Ford,Focus,1.6 Comfort,Hatchback/5
Audi,A4,A4 Allroad Quattro 4.5 TFSI,Station wagon
Audi,A6,A6 Sedan 2.8 Advance,Sedan
Volkswagen,Polo,1.6 Classic,Sedan
Fiat,Albea,1.3 Multijet Dynamic,Sedan
BMW,3 Serisi,316i Sport Line,Sedan
Skoda,Octavia,1.5 e-Tec Premium,Hatchback/5
Skoda,Octavia,1.6 TDI Elegance,Hatchback/5
Citroen,C3,1.6 VTi Exclusive,Hatchback/5
Ford,Mondeo,2.0 TDCi Ghia,Sedan
Volkswagen,Amarok,3.0 TDI Aventura,Hard top
Fiat,Bravo,1.6 Mjet Active Plus,Hatchback/5
Land Rover,Range Rover Sport,2.7 TDV6 HSE,SUV
Opel,Corsa,1.4 100.Yıl,Hatchback/5
Citroen,C5 Aircross,1.5 BlueHDI Shine Bold,SUV
Citroen,C3,1.4 VTi Confort,Hatchback/5
Mercedes - Benz,C,C 180 AMG,Sedan
Audi,A4,A4 Sedan 2.0 TDI Quattro Sport,Sedan
Kia,Sportage,1.6 CRDI Prestige,SUV
Volkswagen,Golf,1.0 TSi Comfortline,Hatchback/5
Peugeot,3008,1.5 BlueHDI Active Prime,SUV
Mercedes - Benz,A,A 180 AMG Sport,Hatchback/5
Dacia,Sandero,1.0 TCe Prestige,Hatchback/5
BMW,3 Serisi,318i Standart,Sedan
Citroen,C3 Aircross,1.2 PureTech Feel,SUV
Nissan,Qashqai,1.5 e-Power Sky Pack,SUV
Chery,Tiggo 8 Pro Max,Exceptional,SUV
Jeep,Renegade,1.6 MultiJet Limited,SUV
Seat,Arona,1.0 EcoTSI Style,SUV
Toyota,Corolla,1.4 Terra,Sedan
Mercedes - Benz,C,C 200 d BlueTEC Comfort,Sedan
Skoda,Rapid,1.6 TDI Spaceback Elegance,Hatchback/5
Chery,Omoda 5,1.6 TGDI Excellent,SUV
Ford,Puma,1.0 EcoBoost Style,SUV
Peugeot,301,1.6 BlueHDI Active,Sedan
Volvo,XC60,2.0 B4 Inscription,SUV
Opel,Insignia,1.6 CDTI Sport,Sedan
Dacia,Duster,1.5 dCi Prestige,SUV
Fiat,Albea,1.4 Fire Active,Sedan
Skoda,Rapid,1.0 TSI GreenTec Dynamic,Hatchback/5
Audi,Q5,40 TDI Quattro S-Line,SUV
Honda,CR-V,1.6 i-DTEC Executive,SUV
Renault,Symbol,1.5 dCi Expression,Sedan
Volkswagen,Touran,1.6 FSi Comfortline,MPV
Volkswagen,Passat,1.6 FSi Trendline,Sedan
Volkswagen,Passat,1.5 TSi Elegance,Station wagon
Honda,Civic,1.6i VTEC Dream,Sedan
Toyota,Verso,1.6 D-4D Elegant,MPV
Dacia,Logan,1.5 dCi Black Line,Sedan
Hyundai,Getz,1.5 CRDi VGT,Hatchback/5
BMW,4 Serisi,420i Gran Coupe M Sport,Coupe
Hyundai,Elantra,1.6 MPI Prime,Sedan
Nissan,Qashqai,1.3 DIG-T Design Pack,SUV
BMW,3 Serisi,320d M Sport,-
Fiat,Egea,1.3 Multijet Easy Stil,Sedan
Ford,Fiesta,1.25 My Fiesta,Hatchback/5
Chery,Tiggo 8 Pro,1.6 TGDI Excellent,SUV
Hyundai,Elantra,1.6 MPI Style Plus,Sedan
Nissan,Juke,1.0 DIG-T Platinum,SUV
Tofaş,Şahin,S,Sedan
Nissan,Qashqai,1.2 DIG-T Platinum Premium Pack,SUV
Cupra,Formentor,1.5 e-TSI Mhev VZ Line,SUV
Volkswagen,Tiguan,1.5 TSI Elegance,SUV
Renault,Clio,1.2 Icon,Hatchback/5
Nissan,Micra,1.2 Street,Hatchback/5
Kia,Rio,1.25 CVVT Fancy,Hatchback/5
Volkswagen,Tiguan,2.0 TDI Fun&Function,SUV
BMW,4 Serisi,420d M Sport,-
Chevrolet,Camaro,2.0,Coupe
BMW,1 Serisi,118i Joy Plus,Hatchback/5
Dacia,Duster,1.3 Tce Essential,SUV
BMW,3 Serisi,320d xDrive Touring M Sport,Station wagon
Toyota,Verso,1.6 Premium,MPV
BMW,5 Serisi,520i Comfort Plus,Sedan
BMW,1 Serisi,116i Premium,Hatchback/5
Dacia,Sandero,1.5 BlueDCI Stepway,Hatchback/5
Renault,Symbol,1.2 Touch,Sedan
Hyundai,Santa Fe,1.6 T-GDI Progressive,SUV
Citroen,C4,1.6 VTI Confort,Hatchback/5
Peugeot,3008,1.5 BlueHDI GT,SUV
Mercedes - Benz,E,180 Exclusive,Sedan
Peugeot,307,1.4 HDi XR,Hatchback/5
Peugeot,408,1.2 PureTech GT,SUV
Peugeot,408,1.2 PureTech Allure,SUV
Opel,Corsa,1.2 Twinport Active,Hatchback/5
Ford,Focus,1.6 TDCi Trend X,Hatchback/5
BMW,1 Serisi,116d Joy,Hatchback/5
Ford,Fiesta,1.6 Titanium,Hatchback/5
Seat,Leon,1.4 EcoTSI FR,Hatchback/5
Hyundai,Accent Blue,1.6 CRDI Prime,Sedan
Ford,Focus,1.6 Titanium,Sedan
Skoda,Karoq,1.6 TDI Prestige,SUV
Dacia,Sandero Stepway,1.0 Tce Expression,Hatchback/5
Dacia,Duster,1.3 Tce Comfort,SUV
Ssangyong,Korando,1.5 T Titanium,SUV
Kia,Sportage,2.0 CRDi 4x4 EX,SUV
BMW,3 Serisi,320i ED Luxury M Plus,Sedan
Fiat,Egea,1.3 Multijet Urban Plus,Hatchback/5
Citroen,C4,1.2 PureTech Feel,SUV
Ford,Fiesta,1.4 TDCi Titanium X,Hatchback/5
Chevrolet,Spark,1.2 LS,Hatchback/5
Toyota,Yaris,1.0 Life,Hatchback/5
Fiat,Linea,1.6 Multijet Emotion Plus,Sedan
BMW,5 Serisi,530i xDrive Executive Sport,Sedan
Dacia,Logan,1.5 dCi Ambiance,Sedan
Hyundai,i20,1.2 D-CVVT Sense,Hatchback/5
Tesla,Model Y,Performance,SUV
Toyota,Yaris,1.33 Style X-Trend,Hatchback/5
Volkswagen,Arteon,2.0 TDI R Line,Hatchback/5
Volkswagen,T-Roc,1.5 TSI Life,SUV
Honda,Civic,1.5 i-VTEC Eco Executive Plus,Sedan
Dacia,Duster,1.0 Tce ECO-G Comfort,SUV
BMW,4 Serisi,420i Edition M Sport,Coupe
BMW,5 Serisi,530i Standart,Sedan
Peugeot,e-308,GT,Hatchback/5
Volkswagen,Passat,1.4 TSi BlueMotion Highline,Sedan
Opel,Insignia,1.6 CDTI Design,Sedan
Fiat,Punto,Grande 1.4 Fire Dynamic,Hatchback/5
Ford,Mondeo,2.0 Ghia,Sedan
Hyundai,i20,1.0 T-GDI Jump,Hatchback/5
Ford,Puma,1.0 EcoBoost Hybrid Titanium,SUV
Hyundai,Accent,1.5 1.5i GLS,Hatchback/5
Renault,Clio,1.5 dCi Expression,Hatchback/3
Toyota,Auris,1.6 Elegant,Hatchback/5
Alfa Romeo,Giulietta,1.4 TB MultiAir Super TCT,Hatchback/5
Dacia,Lodgy,1.5 BlueDCI Stepway,MPV
Fiat,Albea,Sole 1.3 Multijet Active,Sedan
BMW,3 Serisi,316i Techno Plus,Sedan
Ford,Focus,1.0 EcoBoost Titanium X,Sedan
BMW,6 Serisi,640d xDrive M Sport,Coupe
Dacia,Sandero,1.5 dCi Stepway Style,Hatchback/5
Volvo,S60,2.0 B5 Plus Bright,Sedan
Hyundai,i20,1.4 CVVT Sense,Hatchback/5
BMW,4 Serisi,420d Gran Coupe M Sport,Coupe
Hyundai,Accent Era,1.6 Select,Sedan
Mercedes - Benz,C,C 180 BlueEFFICIENCY AMG,Sedan
Audi,A6,A6 Sedan 2.4,Sedan
Mercedes - Benz,C,C 200 d BlueTEC Exclusive,Sedan
Fiat,Egea Cross,1.6 Multijet Limited,Sedan
Opel,Grandland X,1.5 D EcoTEC 120.Yıl,SUV
Fiat,Egea,1.6 Multijet Mirror,Sedan
Mercedes - Benz,E,200 d AMG,Sedan
Audi,Q3,35 TFSI Advanced,SUV
Opel,Astra,1.3 CDTI ecoFLEX Enjoy,Hatchback/5
Audi,Q8,45 TFSI,SUV
Ford,Mondeo,2.0 GLX,Sedan
BMW,iX1,X Line,SUV
Ford,Focus,1.6 TDCi Collection,Sedan
Fiat,500 Ailesi,500L 1.3 Mjet RockStar,MPV
Peugeot,208,1.2 PureTech Prime,Hatchback/5
Ford,Focus,1.5 EcoBlue Active Stil,Hatchback/5
Renault,R 12,Toros,Station wagon
BMW,3 Serisi,320d Modern Line,Sedan
Citroen,C5,1.6 e-HDi Dynamique,Station wagon
Ford,Focus,1.5 EcoBlue Active X,Hatchback/5
Cupra,Leon,1.5 eTSI Standart,Station wagon
Renault,Fluence,1.5 dCi Dynamique,Sedan
Mercedes - Benz,C,C 200 d BlueTEC Fascination,Sedan
Renault,Clio,0.9 TCe Sport Tourer Touch,Station wagon
Citroen,C5 Aircross,1.5 BlueHDI Max,SUV
Dacia,Sandero,1.0T ECO-G Comfort,Hatchback/5
Mercedes - Benz,S,S 350 350 L BlueTEC,Sedan
Citroen,C5 Aircross,1.2 Hybrid Plus,SUV
Ford,Focus,1.6 TDCi Ghia,Station wagon
Citroen,C5,1.6 e-HDi Executive,Sedan
Fiat,Linea,1.3 Multijet Dynamic,Sedan
Volkswagen,Tiguan,1.4 TSI Trend&Fun,SUV
Volkswagen,Golf,1.4 TSi Trendline,Hatchback/5
Fiat,Egea,1.4 Fire Urban,Hatchback/5
Mercedes - Benz,E,180 Edition E,Sedan
BMW,3 Serisi,320i ED Modern Line Plus,Sedan
Mercedes - Benz,E,250 CDI Edition,Sedan
Hyundai,Elantra,1.6 GLS,Sedan
Dacia,Duster,1.3 Tce Journey,SUV
Citroen,C3 Aircross,1.5 BlueHDI Shine,SUV
Dacia,Sandero,1.0 T Extreme,Hatchback/5
Opel,Corsa,1.3 CDTI Cosmo,Hatchback/3
Hyundai,Getz,1.4 DOHC Start,Hatchback/5
Opel,Corsa,1.3 CDTI Essentia,Hatchback/3
Ford,Focus,1.0 EcoBoost Titanium Stil,Sedan
Citroen,C3 Aircross,1.2 PureTech Feel S Edition,SUV
Dacia,Spring,Extreme,SUV
Dodge,Nitro,2.8 CRD SXT,SUV
Volkswagen,Golf,1.0 eTSI R Line,Hatchback/5
Fiat,500 X,1.6 Multijet Cross Plus,SUV
Hyundai,i20,1.4 MPI Elite Plus,Hatchback/5
Nissan,Note,1.5 dCi Tekna,Hatchback/5
Ford,B-Max,1.5 TDCi Titanium,MPV
Dacia,Lodgy,1.5 dCi Allroad,MPV
BMW,4 Serisi,430i xDrive M Sport,Cabrio
Alfa Romeo,Tonale,1.5 Hybrid Veloce,SUV
Fiat,Egea,1.6 E-Torq Easy Plus,Hatchback/5
Dacia,Duster,1.0 Tce ECO-G Expression,SUV
Fiat,Uno,60 S,Hatchback/5
Fiat,Egea Cross,1.6 Multijet Wagon Urban,Crossover
Fiat,Palio,1.2 HL,Hatchback/5
Honda,Civic,1.5 i-VTEC Sport,Hatchback/5
Tofaş,Doğan,L,Sedan
Volkswagen,T-Roc,1.5 TSI R-Line,SUV
Dacia,Jogger,1.6 TCe Extreme,MPV
Audi,A5,A5 Sportback 40 TDI Quattro Design,Hatchback/5
Mercedes - Benz,E,220 CDI Avantgarde,Sedan
Dacia,Jogger,1.0 TCe Essential,MPV
Dacia,Lodgy,1.5 BlueDCI Ambiance,MPV
Fiat,Panda,1.2 Pop,Hatchback/5
Citroen,C3,1.2 PureTech Shine S Edition,Hatchback/5
Kia,Picanto,1.2 MPI Feel,Hatchback/5
BMW,4 Serisi,418i Gran Coupe Gran Coupe,Coupe
Opel,Astra,1.4 T Dynamic,Station wagon
Hyundai,ix20,1.4 CRDi Prime,MPV
Nissan,Micra,1.2 Passion,Hatchback/5
Skoda,SuperB,1.5 TSI Premium,Sedan
Kia,Sportage,1.6 CRDI Elegance Konfor,SUV
Dacia,Sandero,1.0 T Essential,Hatchback/5
Dacia,Logan,1.6 Laureate,Hatchback/5
Audi,A3,A3 Sedan 1.0 TFSI Design Line,Sedan
Hyundai,Accent,1.3 LS,Hatchback/5
Fiat,Egea,1.6 E-Torq Mirror,Sedan
Fiat,Egea,1.3 Multijet Lounge,Sedan
Hyundai,Accent Era,1.5 CRDi Start,Sedan
Mazda,CX-3,1.5 SKY-D Power,Crossover
Mercedes - Benz,GLB,200 AMG,SUV
Opel,Insignia,1.6 CDTI Grand Sport Design,Hatchback/5
BMW,5 Serisi,525tds Standart,Sedan
Kia,Rio,1.4L MPI Elegance,Hatchback/5
Nissan,X-Trail,1.6 dCi Platinum Premium Pack,SUV
Citroen,C3,1.6 VTi Confort,Hatchback/5
Opel,Vectra,1.9 CDTI Elegance,Sedan
Land Rover,Freelander,2.2 TD4 HSE,SUV
Fiat,Egea,1.6 Multijet Urban Plus,Hatchback/5
Fiat,Palio,1.2 S,Hatchback/5
Ford,Focus,1.6 Ti-VCT Trend,Sedan
Hyundai,i20,1.2 D-CVVT Jump,Hatchback/5
BMW,5 Serisi,520i Sport Line,Sedan
Fiat,Egea Cross,1.4 Fire Street,SUV
Nissan,Qashqai,1.3 DIG-T Sky Pack,SUV
Honda,Jazz,1.4 ES Elite,Hatchback/5
Nissan,X-Trail,1.6 dCi Platinum,SUV
Citroen,C4 X,1.2 PureTech Feel,Sedan
Nissan,Qashqai,1.5 dCi Tekna Sky Pack,SUV
Dacia,Logan,1.6 Ambiance,Sedan
Mitsubishi,ASX,1.6 MIVEC Invite,SUV
Fiat,Linea,1.4 Fire Active,Sedan
Nissan,Qashqai,1.6 dCi Tekna,SUV
Mercedes - Benz,C,C 200 d BlueTEC AMG,Sedan
Volkswagen,Passat,1.8 TSi Exclusive,Sedan
BMW,4 Serisi,418i Gran Coupe Prestige,Coupe
Toyota,Auris,1.8 Hybrid Advance Skypack,Hatchback/5
Fiat,Egea,1.4 Fire Limited,Sedan
Opel,Crossland X,1.2 T Excellence,SUV
Dacia,Sandero,1.0 Ambiance,Hatchback/5
Opel,Grandland,1.5 D Turbo Elegance,SUV
Chery,Tiggo 8 Pro Max,Intelligent,SUV
Kia,Sportage,1.6 GDI SLS Plus,SUV
Daewoo,Lanos,1.5 SE,Sedan
Hyundai,Accent,1.5 GLS,Hatchback/5
Dacia,Solenza,1.4 Scala,Sedan
Chery,Tiggo 7 Pro,1.6 TGDI Excellent,SUV
Peugeot,508,1.5 BlueHDI GT Line,Sedan
Hyundai,Accent,1.6 Admire,Sedan
Citroen,C4,1.6 HDi SX,Sedan
Audi,A8,3.0 TDI Quattro Long,Sedan
Mercedes - Benz,CLK,CLK 200 Elegance,Coupe
Ford,Fiesta,1.6 Trend,Hatchback/5
Citroen,C4,1.6 HDi Confort Plus,Hatchback/5
Volkswagen,Jetta,1.2 TSi Trendline,Sedan
Volkswagen,Golf,1.6 TDi Allstar,Hatchback/5
Fiat,Linea,1.4 Fire Active Plus,Sedan
Toyota,Corolla,1.5 Dream X-Pack,Sedan
Fiat,Tempra,1.6 S,Sedan
Volkswagen,Passat,1.6 TDi BlueMotion Exclusive,Sedan
Volkswagen,Bora,1.6 Trendline,Sedan
Ssangyong,Torres,EVX,SUV
Chery,Tiggo 7 Pro Max,Exceptional,SUV
Kia,Ceed,1.6 CRDi Concept Plus,Hatchback/5
Chevrolet,Aveo,1.4 S,Sedan
Citroen,C4 X,1.2 PureTech Shine Bold,Sedan
Chevrolet,Kalos,1.4 SE,Sedan
Fiat,Albea,Sole 1.4 Fire Active,Sedan
BMW,X1,16d sDrive M Sport,SUV
BMW,1 Serisi,116i Standart,Hatchback/3
Renault,Clio,1.2 Authentique,Hatchback/3
Tofaş,Şahin,1.6,Sedan
Citroen,C4 X,1.2 PureTech Feel Bold,Coupe
Toyota,Corolla,1.6 XEi,Sedan
BMW,1 Serisi,118i Sport Line,Hatchback/5
Citroen,C5,1.6 HDi Confort,Sedan
Fiat,Albea,1.6 HL,Sedan
Volkswagen,Passat Variant,1.5 TSI Elegance,Station wagon
Opel,Frontera,1.2 Hybrid GS,SUV
Mercedes - Benz,A,A 200 AMG,Sedan
BMW,3 Serisi,320i First Edition Luxury Line,Sedan
Fiat,Egea,1.6 Multijet Lounge Plus,Hatchback/5
BMW,1 Serisi,118i M Plus,Hatchback/5
Volkswagen,Passat,1.6 TDi BlueMotion Elegance,Sedan
Honda,CR-V,1.6 i-DTEC Executive+,SUV
BMW,5 Serisi,525d xDrive Comfort,Sedan
Dacia,Logan,0.9 Tce Ambiance,Station wagon
Opel,Astra,1.4 T Sport,Station wagon
Seat,Ibiza,1.0 EcoTSI Style,Hatchback/5
Hyundai,Bayon,1.0 T-GDI Style,SUV
Hyundai,Bayon,1.4 MPI Elite,SUV
Hyundai,Bayon,1.4 MPI Jump,SUV
Citroen,C4,1.6 SX PK,Hatchback/5
Fiat,Egea Cross,1.4 Fire Lounge,SUV
Hyundai,ix35,1.6 GDI Elite,SUV
Chevrolet,Cruze,1.6 WTCC Edition Plus,Hatchback/5
Ford,Focus,1.6 Ti-VCT Trend X,Hatchback/5
Hyundai,Tucson,1.6 T-GDi Comfort,SUV
Ford,Focus,1.5 TDCi Titanium Stil,Sedan
BMW,5 Serisi,520d Gran Turismo Luxury Line,Hatchback/5
Renault,Clio,1.5 dCi Authentique Edition,Hatchback/5
Nissan,Qashqai,1.5 dCi Sky Pack,SUV
Hyundai,Tucson,1.6 T-GDi N-Line,SUV
Fiat,Egea,1.3 Multijet Mirror,Sedan
Fiat,Punto,1.2 Popstar,Hatchback/5
Volkswagen,Tiguan,1.6 TDi Highline,SUV
Citroen,C3 Picasso,1.6 HDi SX,MPV
BMW,2 Serisi,218i Active Tourer Sport Line,MPV
Ford,Mondeo,1.6 Titanium,Sedan
Mercedes - Benz,E,220 D AMG,Sedan
Kia,EV6,Elegance Standart Range,SUV
BMW,5 Serisi,520i Modern Line,Sedan
Kia,Sorento,2.5 CRDi Prestige,SUV
Audi,A6,A6 Allroad Quattro 3.0 TDI,Station wagon
BMW,X2,20i sDrive M Sport,SUV
Toyota,Corolla,1.6 Passion X-Pack,Sedan
Ford,Escort,1.6 CLX,Hatchback/5
Renault,Clio,1.2 Grandtour Authentique,Station wagon
Citroen,C3,1.6 BlueHDI Feel,Hatchback/5
Porsche,Cayenne,Diesel,SUV
Kia,Picanto,1.2 MPI Cool,Hatchback/5
Dacia,Sandero,1.0 Sce Comfort,Hatchback/5
Ford,Focus,1.5 EcoBlue Titanium Stil,Hatchback/5
Opel,Astra,1.6 CDTI Sport,Hatchback/5
Dacia,Sandero,0.9 TCe Stepway Ambiance,Hatchback/5
Renault,Austral,1.3 Hybrid Techno Esprit Alpine,SUV
Renault,Captur,1.2 TCe Icon,SUV
Renault,Austral,1.2 E-tech Techno Esprit Alpine,SUV
Citroen,C-Elysée,1.6 HDi Attraction,Station wagon
BMW,2 Serisi,216d Gran Coupe M Sport,Hatchback/5
Fiat,Egea,1.6 Multijet Limited,Sedan
Renault,Captur,1.5 dCi Icon,SUV
Renault,Captur,1.5 dCi Touch,SUV
Land Rover,Freelander,2.2 TD4 GS,SUV
Hyundai,Accent,1.5 LS,Sedan
Renault,Duster,1.0 Eco-G Evolution,SUV
Toyota,Corolla,1.2 Turbo Dream X-Pack,Hatchback/5
Volkswagen,Jetta,1.6 Primeline,Sedan
Suzuki,Swift,1.2 Hibrit GLX Premium,Hatchback/5
Peugeot,5008,1.6 HDi Premium Pack,MPV
Peugeot,3008,1.5 BlueHDI Allure,SUV
Peugeot,308,1.2 PureTech Active Prime,Hatchback/5
Renault,R 9,1.4 Broadway RNi,Sedan
Skoda,Scala,1.0 TSI Premium,Hatchback/5
Honda,Civic,1.5 i-VTEC RS,Sedan
BYD,Atto 3 EV,Bilinmiyor,SUV
BMW,1 Serisi,116d ED Joy,Hatchback/5
Toyota,Corolla,1.5 Dream,Sedan
Renault,Clio,1.5 dCi Extreme,Hatchback/5
Toyota,Corolla,1.3 XL,Sedan
Ford,Focus,1.6 Ghia,Hatchback/5
BMW,1 Serisi,116i Sport Edition,Hatchback/5
Dacia,Sandero,0.9 ECO-G Turbo Stepway,Hatchback/5
Fiat,Bravo,1.4 Active Plus,Hatchback/5
BMW,1 Serisi,118i First Edition Sport Line,Hatchback/5
BMW,1 Serisi,116i M Sport,Hatchback/5
Hyundai,i20,1.4 CRDi Team,Hatchback/5
Opel,Astra,1.5 D Elegance,Hatchback/5
Toyota,Hilux,2.4 D-4D 4x4 Invincible,Hard top
Fiat,Palio,1.3 Multijet EL,Hatchback/5
Ford,Escort,1.6 Classic,Hatchback/5
Volkswagen,Polo,1.2 Trendline,Hatchback/5
Lada,Samara,1.5,Hatchback/5
Opel,Astra,1.6 Twinport,Hatchback/5
Skoda,Fabia,1.0 TSI Premium,Hatchback/5
Fiat,500 Ailesi,500 1.4 Lounge,Hatchback/3
Volkswagen,Amarok,2.0 Bi-TDI Highline,SUV
BMW,X1,20i sDrive M Sport,SUV
Fiat,Tipo,1.4 SX,Hatchback/5
Volkswagen,Golf,1.6 Midline,Hatchback/5
Mercedes - Benz,C,C 180 Kompressor BlueEfficiency Fascination,Sedan
Hyundai,Elantra,1.6 CRDi Elite Plus,Sedan
Renault,R 9,1.4 Spring,Sedan
Toyota,Corolla,1.6 Comfort,Sedan
Ford,B-Max,1.6 Titanium,MPV
Ford,Fiesta,1.25 Trend X,Hatchback/5
Ford,Focus,1.6 Comfort,Station wagon
Audi,A1,1.4 TFSI Ambition,Hatchback/3
BMW,2 Serisi,216d Active Tourer Active Tourer,MPV
Citroen,C3,1.6 BlueHDI Shine,Hatchback/5
Volkswagen,Passat,1.6 Trendline,Sedan
Renault,Megane,1.5 dCi Joy,Sedan
Dacia,Duster,1.6 Sce Comfort,SUV
Fiat,Egea Cross,1.6 Multijet Lounge,SUV
Volkswagen,Tiguan,1.4 TSI Comfortline,SUV
Fiat,Albea,Sole 1.4 Fire Premio,Sedan
Dacia,Duster,1.5 dCi Ambiance,SUV
Nissan,Navara,2.3 dCi 4x4,Hard top
Toyota,Hilux,2.4 D-4D 4x4 Hi-Cruiser,SUV
Ford,Escort,1.6 CL,Sedan
Skoda,Kamiq,1.5 TSI Premium,SUV
Opel,Mokka,1.2 T GS Line,SUV
Kia,XCeed,1.5 T-GDI Elegance,SUV
Skoda,Rapid,1.4 TDI Style,Sedan
Kia,XCeed,1.6 CRDI Prestige,SUV
Mercedes - Benz,E,250 CDI BlueEFFICIENCY Avantgarde,Sedan
Hyundai,Tucson,1.6 CRDi Elite Plus,SUV
Opel,Crossland,1.2 T Elegance,SUV
Ford,Kuga,1.5 EcoBoost Titanium,SUV
Hyundai,i30,1.6 CRDi Style,Hatchback/5
Peugeot,e-2008,Allure,SUV
Ford,Ranger,2.0 EcoBlue 4x2 XLT,Hard top
Kia,Sportage,1.6 GDI Premium,SUV
MG,HS,1.5 T-GDI Luxury,SUV
Volkswagen,Tiguan,1.5 TSI Comfortline,SUV
Mercedes - Benz,GLA,200 AMG,SUV
Hyundai,ix35,1.6 GDI Style,SUV
Honda,CR-V,1.5 VTEC Executive,SUV
Jeep,Avenger Electric,Summit,SUV
Skoda,Karoq,1.5 TSI Premium,SUV
Hyundai,Elantra,1.6 CRDi Style Plus,Sedan
Suzuki,S-Cross,1.4 Hybrid GL Elegance,Crossover
Dacia,Duster,1.5 dCi Laureate,SUV
Seat,Ateca,1.4 EcoTSI Xcellence,SUV
Mercedes - Benz,B,B 180 CDI BlueEFFICIENCY Style,MPV
Honda,Jazz,1.4 LS Sport,Hatchback/5
Audi,A3,A3 Sportback 30 TFSI Advanced,Hatchback/5
Fiat,Linea,1.3 Multijet Actual Plus,Sedan
Volkswagen,Tiguan,2.0 TDI Comfortline,SUV
Renault,Clio,1.4 RNA,Sedan
Renault,Symbol,1.4 Expression,Sedan
Toyota,Corolla,1.5 Vision,Sedan
Dacia,Logan,1.4 Laureate,Sedan
Volkswagen,Touareg,3.2 V6,SUV
Skoda,Octavia,1.6 TDI Ambition,Hatchback/5
Skoda,Forman,LX,Station wagon
Fiat,Uno,70 S,Hatchback/5
Chery,Tiggo 7 Pro,1.6 TGDI Luxury,SUV
Hyundai,Tucson,1.6 CRDi Style Plus,SUV
Dodge,Challenger,SE,Coupe
Cupra,Terramar,1.5 e-TSI Supreme,SUV
Fiat,500 Ailesi,500 1.2 Vintage,Hatchback/3
BMW,1 Serisi,118i Standart,Hatchback/5
Nissan,Qashqai,1.5 dCi Visia,SUV
Dacia,Duster,1.3 Tce Prestige Plus,SUV
Volkswagen,Polo,1.4 TDi Tour,Hatchback/5
Audi,A1,1.6 TDI Attraction,Hatchback/3
Volkswagen,Golf,1.0 TSi Midline Plus,Hatchback/5
Audi,A3,A3 Sedan 30 TDI Dynamic,Hatchback/5
Kia,EV3,Elegance Long,SUV
Audi,A7,50 TDI,Hatchback/5
Hyundai,Elantra,1.6 D-CVVT Mode Plus,Sedan
Audi,A5,A5 Coupe 1.4 TFSI Sport,Coupe
BMW,3 Serisi,320d Standart,Coupe
Mercedes - Benz,C,C 200 Elegance,Sedan
Seat,Ateca,1.5 EcoTSI FR,SUV
Fiat,Albea,Sole 1.3 Multijet Dynamic Plus,Sedan
Volkswagen,Tiguan,1.5 TSI Highline,SUV
Fiat,Bravo,1.6 Mjet Emotion,Hatchback/5
Peugeot,e-5008,Allure,SUV
Renault,Duster,1.6 E-Tech Techno,SUV
Skoda,Kodiaq,1.5 TSI Prestige,SUV
Citroen,C3 Aircross,1.2 PureTech Shine,SUV
Opel,Frontera-e,GS,SUV
Suzuki,Vitara,1.4 Boosterjet Hibrit GL Elegance,SUV
Fiat,Albea,Sole 1.3 Multijet Premio,Sedan
Mercedes - Benz,EQE,350+ AMG,Sedan
Toyota,C-HR,1.8 Hybrid Passion X-Sport,SUV
Dacia,Duster,1.3 Tce Prestige,SUV
Mercedes - Benz,E,200 Avantgarde,Sedan
Opel,Vectra,2.0 DTI Comfort,Sedan
Lexus,RX,500h,SUV
Peugeot,e-3008,GT,SUV
Kia,Sorento,2.5 CRDi EX,SUV
Toyota,Hilux,Hi-Cruiser 2.4 4x2,SUV
Nissan,Juke,1.6 Skypack,Crossover
Skoda,Karoq,1.6 TDI Style,SUV
Volvo,S90,2.0 D B5 Inscription,Sedan
Citroen,C1,1.0 VTi Shine,Hatchback/5
Nissan,Qashqai,1.2 DIG-T Black Edition,SUV
Honda,CR-V,1.6 i-DTEC Premium,SUV
MG,ZS,1.0 T-GDI Luxury Plus,SUV
BMW,4 Serisi,420i M Sport,Coupe
Hyundai,Tucson,1.6 T-GDi Prime Plus,SUV
Citroen,Xsara,1.6 SX,Station wagon
Audi,A4,A4 Sedan 2.0 TFSI Quattro,Sedan
Audi,A3,A3 Sedan 30 TFSI S-Line,Sedan
Hyundai,i20,1.2 MPI Jump,Hatchback/5
Jeep,Renegade,1.4 MultiAir Limited,SUV
BMW,3 Serisi,318i M Joy Plus,Sedan
BMW,2 Serisi,218i M Sport,MPV
BMW,Z Serisi,Z4 3.0i sDrive,Cabrio
Volkswagen,Polo,1.2 TDi BlueMotion,Hatchback/5
Cupra,Formentor,1.5 eTSI VZ-Line,SUV
Nissan,Juke,1.6 Sport Pack,SUV
BMW,1 Serisi,120i M Plus,Hatchback/5
Renault,Laguna,1.5 dCi Privilege,Hatchback/5
Fiat,Punto,Grande 1.3 Multijet Active,Hatchback/5
Hyundai,Getz,1.5 CRDi GL Cool,Hatchback/5
Fiat,Linea,1.3 Multijet Emotion Plus,Sedan
BMW,5 Serisi,520d Sport,Sedan
Volvo,S40,1.8,Sedan
Audi,A3,A3 Sportback 1.6 TDI Ambiente,Hatchback/3
Fiat,Albea,1.2 Dynamic,Sedan
Opel,Vectra,1.6 Elegance,Sedan
BMW,3 Serisi,318i M Sport,Station wagon
Audi,A4,A4 Sedan 45 TFSI Quattro S Line,Station wagon
Audi,A3,A3 Hatchback 1.4 TFSI Ambiente,Hatchback/3
Ford,Ranger,2.0 EcoBlue 4x4 XLT,Hard top
Fiat,Linea,1.3 Multijet Lounge,Sedan
Honda,Accord,1.5 VTEC Executive Plus,Sedan
Audi,TT,2.0 TFSI Quattro,Coupe
Audi,A5,A5 Sportback 2.0 TDI Quattro Design,Hatchback/5
Skoda,Fabia,1.0 Style,Hatchback/5
Audi,A3,A3 Sportback 1.6 Ambiente,Hatchback/3
Hyundai,i30,1.6 CRDi Mode,Hatchback/5
Seat,Alhambra,1.4 TSI Style,MPV
Opel,Astra,1.6 CDTI Dynamic,Station wagon
Audi,A3,A3 Sportback 35 TFSI Dynamic,Hatchback/5
Skoda,Octavia,1.0 e-Tec Premium,Hatchback/5
Fiat,Bravo,1.4 T-Jet Sports Style,Hatchback/5
Audi,A3,A3 Sportback 30 TDI Sport,Hatchback/5
Audi,A3,A3 Sportback 1.4 TFSI Attraction,Hatchback/5
Toyota,Hilux,2.4 D-4D 4x2 Adventure,Hard top
BMW,4 Serisi,418i Gran Coupe Ultimate M Sport,Coupe
Toyota,Corolla,1.6 Terra,Sedan
Volkswagen,Golf,1.6 Primeline,Hatchback/5
Audi,A6,A6 Sedan 45 TFSI Quattro Sport,Sedan
Toyota,Corolla,1.5 Flame X-Pack,Sedan
Ford,Ranger,2.0 EcoBlue 4x4 Wildtrak,Hard top
Volkswagen,Polo,1.4 Trendline,Hatchback/5
Audi,A4,A4 Sedan 40 TDI Advanced,Station wagon
Volkswagen,Polo,1.0 Life,Hatchback/5
Ford,Sierra,1.6 CL,Sedan
Renault,Scenic,1.5 dCi Privilege,MPV
Fiat,Egea Cross,1.6 Multijet Street,SUV
Ford,Focus,1.5 EcoBlue Active X,Station wagon
Mitsubishi,L 200,4x4 Intense,SUV
Chevrolet,Captiva,2.0 D LT High,SUV
Hyundai,i20,1.4 CVVT Jump,Hatchback/5
Cupra,Formentor,1.5 e-TSI Mhev Impulse,SUV
Seat,Toledo,1.6 Signo,Sedan
BMW,5 Serisi,520i Special Edition Luxury,Sedan
Nissan,Qashqai,1.5 dCi Tekna Pack,SUV
Audi,A4,A4 Sedan 2.0 TDI Dynamic,Sedan
Ford,Kuga,1.5 TDCi Titanium,SUV
Citroen,C4 X,1.2 PureTech Feel,SUV
Opel,Astra,1.6 Elegance,Sedan
Opel,Astra,1.6 CDTI Dynamic,Hatchback/5
Seat,Leon,1.5 eHybrid FR,Hatchback/5
Honda,Civic,1.5 i-VTEC Sport Plus,Hatchback/5
Ford,EcoSport,1.0 EcoBoost ST Line,SUV
Volvo,XC60,2.0 B4 Plus Dark,SUV
Volkswagen,Polo,1.4 Comfortline,Hatchback/5
Citroen,C4 Grand Picasso,1.6 e-HDi Dynamic,MPV
Skoda,Octavia,1.6 Elegance,Station wagon
Dacia,Logan,1.5 dCi Ambiance,Pick-up
Volkswagen,Amarok,2.0 Bi-TDI Highline,Hard top
Kia,Sportage,1.6 T-GDI Cool Plus,SUV
Peugeot,301,1.6 BlueHDI Allure,Sedan
BMW,5 Serisi,520d xDrive M Sport,Sedan
Hyundai,Bayon,1.0 T-GDI Jump,SUV
Renault,Megane,1.6 Joy,Sedan
DS Automobiles,DS4,1.5 BlueHDi Performance Line,Hatchback/5
Toyota,Avensis,2.0 Linea,Hatchback/5
Volkswagen,Taigo,1.0 TSI Style,SUV
Alfa Romeo,Giulietta,1.6 JTD Super TCT,Hatchback/5
Seat,Arona,1.0 EcoTSI FR,SUV
BYD,Atto 2,Comfort,SUV
Ford,Mustang,4.6 GT,Coupe
Toyota,Auris,1.4 D-4D Active,Hatchback/5
Seat,Toledo,1.6 Stella,Sedan
Renault,R 19,1.6 Europa iE,Hatchback/5
Fiat,Bravo,1.4 Active,Hatchback/5
Honda,Civic,1.5 i-VTEC Eco Elegance Plus,Sedan
DS Automobiles,DS4,1.5 BlueHDi Esprit de Voyage,Hatchback/5
Toyota,Yaris,1.33 Style,Hatchback/5
Volkswagen,T-Cross,1.0 TSI Style,SUV
Audi,A4,A4 Avant 1.4 TFSI,Station wagon
Honda,Civic,1.5 i-VTEC Eco Premium,Sedan
Audi,A3,A3 Sportback 1.0 TFSI Sport Line,Hatchback/5
Hyundai,i20 Troy,1.2 Mode,Hatchback/5
Opel,Astra,1.6 Enjoy Plus,Sedan
Peugeot,e-2008,GT,SUV
Toyota,C-HR,1.2 Turbo Dynamic,SUV
Renault,Megane,1.6 RTA,Sedan
Toyota,Yaris,1.0 Terra,Hatchback/5
Volkswagen,Golf,1.6 FSi Midline,Hatchback/5
Suzuki,Grand Vitara,1.9 DDiS JLX-AL,SUV
Renault,Symbol,1.4 Authentique,Sedan
Mercedes - Benz,A,A 200 BlueEFFICIENCY AMG Sport,Hatchback/5
Fiat,Egea Cross,1.5 T4 Lounge,SUV
Toyota,Yaris Cross,1.5 Dream X-Pack,SUV
Volvo,XC90,2.0 D5 Inscription,SUV
Mercedes - Benz,B,B 180 BlueEFFICIENCY AMG,MPV
Peugeot,308,1.6 HDi Comfort,Hatchback/5
Peugeot,301,1.6 HDi Allure,Sedan
Hyundai,Tucson,1.6 GDi Elite,SUV
BMW,1 Serisi,116d One Edition,Hatchback/5
Ford,Fiesta,1.5 TDCi Titanium X,Hatchback/5
Nissan,Qashqai,1.3 DIG-T Tekna,SUV
Fiat,Palio,1.6 HL,Hatchback/5
Skoda,Octavia,1.0 TSI Ambition,Hatchback/5
Volkswagen,Taigo,1.0 TSI R Line,SUV
Fiat,Egea,1.6 Multijet Easy Plus,Hatchback/5
Ford,Mondeo,1.6 Titanium,Station wagon
Mercedes - Benz,C,C 180 AMG 9G-Tronic,Sedan
Fiat,Punto,1.4 Pop S&S,Hatchback/5
Toyota,Corolla,1.6 Sol,Hatchback/5
Jeep,Compass,1.5 GSE Summit,SUV
Mitsubishi,Colt,1.3 Invite,Hatchback/5
Citroen,C3,1.4 HDi Exclusive,Hatchback/5
Volvo,XC60,2.0 D4 Inscription,SUV
Jeep,Avenger Hybrid,1.2 Summit,SUV
Audi,A3,A3 Sportback 1.6 TDI Design Line,Sedan
Kia,Cerato,1.5 CRDi Advance,Sedan
Hyundai,i20,1.0 T-GDI Style Plus,Hatchback/5
Opel,Corsa,1.3 CDTI Enjoy,Hatchback/5
Toyota,Avensis,2.0 Sol Extra,Sedan
Fiat,Linea,1.6 Multijet Active Plus,Sedan
Suzuki,Swift,1.3 MT 4X4,Hatchback/5
Kia,Sportage,1.6 T-GDI Elegance Konfor,SUV
Kia,Rio,1.4 CVVT Natty,Sedan
Audi,Q2,1.4 TFSI Sport S,SUV
Audi,Q3,2.0 TDI,SUV
Audi,Q4,E-Tron,SUV
Chery,Tiggo 8,1.6 TGDI Prestige,SUV
Fiat,Linea,1.6 Multijet Lounge,Sedan
Nissan,Micra,1.4 Tekna,Hatchback/5
BMW,X5,25d xDrive Premium,SUV
Skoda,Rapid,1.6 TDI Ambition,Sedan
BMW,X6,35d xDrive,SUV
Volkswagen,Arteon,1.5 TSI R Line,Hatchback/5
Peugeot,2008,1.2 PureTech Allure,SUV
Fiat,500 Ailesi,500L 1.6 Mjet PopStar,MPV
Opel,Astra,1.6 Enjoy,Hatchback/5
Renault,Megane,1.5 dCi Extreme,Sedan
Opel,Corsa,1.4 Design,Hatchback/5
Renault,Symbol,1.2 Authentique,Sedan
Fiat,Egea Cross,1.4 Fire Limited,SUV
Fiat,Brava,1.6 ELX,Hatchback/5
BMW,3 Serisi,330xi Standart,Sedan
Renault,Laguna,2.0 RXE,Hatchback/5
Toyota,Hilux,2.4 D-4D 4x4 Hi-Cruiser,Hard top
Renault,Megane,1.5 dCi Expression,Sedan
Renault,Captur,1.2 TCe Touch,SUV
Peugeot,3008,1.2 PureTech Elegance,SUV
Seat,Ateca,1.6 TDI Ecomotive Style,SUV
Fiat,500 Ailesi,500 1.0 Hybrid Dolcevita,Hatchback/3
Suzuki,Vitara,1.6 GL Plus,SUV
Seat,Leon,1.4 TSI Style,Hatchback/5
Seat,Cordoba,1.4 TDI Signo,Sedan
Opel,Corsa,1.2 Essentia,Hatchback/5
Fiat,Palio,1.6 HL Weekend,Station wagon
Audi,A6,A6 Sedan 2.7 T Quattro,Sedan
Skoda,Yeti,1.2 TSI Active,SUV
BMW,1 Serisi,116i Urban Line,Hatchback/5
Volkswagen,Tiguan,1.4 TSI Chrome Edition,SUV
BMW,1 Serisi,116d First Edition Sport Line,Hatchback/5
Fiat,Punto,Grande 1.4 Fire S&S,Hatchback/5
Fiat,Egea,1.3 Multijet Easy,Station wagon
Subaru,XV,1.6 Elegance,SUV
Renault,Captur,0.9 Icon,SUV
Toyota,Corolla,1.33 Comfort,Sedan
Hyundai,Tucson,1.6 T-GDi Elite,SUV
Mitsubishi,L 200,4x2 Invite,Hard top
Mercedes - Benz,B,B 180 BlueEFFICIENCY Sport,MPV
Kia,Ceed,1.0 Cool Tekno,Hatchback/5
Renault,Fluence,1.6 Extreme,Sedan
Renault,Megane,1.6 Dynamique,Hatchback/5
BMW,1 Serisi,118i Joy,Hatchback/5
Opel,Astra,1.4 T Enjoy Active,Hatchback/5
Alfa Romeo,Giulietta,1.6 JTD Distinctive,Hatchback/5
Nissan,Qashqai,1.2 DIG-T Sky Pack,SUV
Renault,Clio,1.6 Grandtour Extreme,Station wagon
Fiat,Palio,1.2 EL,Hatchback/3
Fiat,Egea,1.6 E-Torq Easy,Sedan
Fiat,Siena,1.2 S,Sedan
Audi,A5,A5 Coupe 1.4 TFSI Design,Coupe
Volvo,XC60,2.0 B5 Plus Dark,SUV
Fiat,Egea,1.4 Fire Lounge Plus,Hatchback/5
Audi,A3,A3 Sportback 1.6 TDI Ambition,Hatchback/3
Audi,A3,A3 Sedan 1.4 TFSI Ambition,Sedan
Audi,A6,A6 Sedan 1.8 T Advance,Sedan
Ford,Focus,1.5 TDCi Active,Hatchback/5
BMW,1 Serisi,116d Premium Line,Hatchback/5
Volvo,EX40,Extended Range Ultra,SUV
Fiat,Stilo,1.6 Dynamic,Hatchback/3
Audi,A6,A6 Avant 2.0 TDI Quattro,Station wagon
Volvo,XC90,2.0 T8 Inscription,SUV
Audi,S,S5 4.2 FSI Quattro,Coupe
Peugeot,207,1.4 HDi Trendy,Hatchback/5
Renault,Clio,1.2 TCE Touch,Hatchback/5
Fiat,Palio,1.4 EL Weekend,Station wagon
Peugeot,2008,1.2 PureTech Allure,-
Renault,Megane,1.6 Dynamique,Sedan
Ford,Focus,1.6 Ambiente,Sedan
Audi,A1,1.6 TDI Attraction,Hatchback/5
DS Automobiles,DS9,1.6 PureTech Rivoli,Sedan
Alfa Romeo,MiTo,1.4 T Distinctive,Hatchback/3
Nissan,Qashqai,1.5 dCi Tekna Premium Pack,SUV
Ford,Focus,1.6 Ti-VCT Titanium,Sedan
Opel,Mokka,1.2 T Ultimate,SUV
Hyundai,Tucson,1.6 CRDi Prime,SUV
BMW,3 Serisi,318i M Sport,Sedan
Opel,Astra,1.6 Cosmo,Hatchback/5
Renault,Clio,1.2 Authentique,Hatchback/5
Peugeot,2008,1.2 PureTech Active,SUV
Tofaş,Şahin,1.4,Sedan
Audi,A6,A6 Sedan 2.8 Quattro,Sedan
Kia,Cerato,1.6 MPI Elegance,Sedan
MG,ZS,1.0 T-GDI Comfort,SUV
Honda,Civic,1.6 i ES,Hatchback/5
Renault,Clio,1.3 TCe Icon,Hatchback/5
Chevrolet,Aveo,1.3 D LS,Hatchback/5
BMW,3 Serisi,318i Sport Plus,Sedan
Volkswagen,ID.4,Pure,SUV
Fiat,Egea Cross,1.0 Firefly Lounge,SUV
Skoda,Octavia,1.6 TDI Elegance,Station wagon
Opel,Vectra,1.6 GL,Sedan
Hyundai,i20 Troy,1.2 DOHC Team,Hatchback/5
Mitsubishi,ASX,1.6 DI-D Intense,SUV
Renault,Captur,1.3 TCe Touch,SUV
Renault,Megane,1.6 Expression,Sedan
Chevrolet,Aveo,1.4 LS,Hatchback/5
Audi,A2,1.4 TDI,Hatchback/5
Toyota,Avensis,2.0 Sol,Sedan
Mercedes - Benz,A,A 180 CDI BlueEfficiency AMG,Hatchback/5
Renault,Clio,1.4 Authentique,Sedan
Opel,Grandland X,1.6 D EcoTEC Excellence,SUV
BMW,2 Serisi,216d Gran Tourer Luxury Plus,MPV
BMW,1 Serisi,118i One Edition,Hatchback/5
Peugeot,508,1.6 e-HDi Access,Sedan
Honda,Civic,1.5 EX,Hatchback/3
Opel,Corsa,1.4 Enjoy,Hatchback/5
Opel,Astra,1.6 Essentia Konfor,Hatchback/5
Volkswagen,Amarok,2.0 TDI Highline,SUV
Peugeot,2008,1.5 BlueHDI Allure,SUV
BMW,1 Serisi,116d M Plus,Hatchback/5
Peugeot,2008,1.5 BlueHDI Active Skypack,SUV
Ford,Fiesta,1.25 Trend,Hatchback/5
Isuzu,D-Max,1.9 D 4x4 V-Cross,Hard top
Peugeot,208,1.6 e-HDI Allure,Hatchback/5
Volvo,XC90,2.0 B5 Plus Dark,SUV
Fiat,Palio,1.3 Multijet EL,Hatchback/3
Volvo,XC40,1.5 T2 Plus Bright,SUV
BMW,2 Serisi,230e xDrive M Sport,MPV
Renault,Megane,1.5 dCi GT-Line,Hatchback/5
Renault,Megane,1.5 dCi Touch Plus,Sedan
Hyundai,Kona,1.6 CRDI Style,SUV
BMW,1 Serisi,116d Sport Plus,Hatchback/5
Kia,Sportage,1.6 CRDI Elegance,SUV
Fiat,500 Ailesi,500E La Prima,Hatchback/5
Renault,Laguna,1.6 Privilege,Hatchback/5
Volkswagen,Tiguan,1.6 TDi Comfortline,SUV
Renault,Megane,1.6 Authentique,Hatchback/5
Volkswagen,Golf,1.6 Comfortline,Hatchback/5
BMW,3 Serisi,320d xDrive Techno Plus,Sedan
MG,HS,1.5 T-GDI Comfort,SUV
Renault,Megane,1.6 Joy,Hatchback/5
BMW,3 Serisi,316i Modern Line,Sedan
Audi,S,S6 3.0 TDI Quattro,Sedan
Hyundai,Tucson,1.6 CRDi N Line,SUV
Suzuki,Jimny,1.3 JLX,SUV
Opel,Astra,1.4 T Dynamic,Hatchback/5
MG,ZS EV,Luxury,SUV
Mitsubishi,Lancer,1.6 Invite,Sedan
Peugeot,307,1.6 Comfort,Hatchback/5
Opel,Corsa,1.0 Essentia,Hatchback/5
BMW,3 Serisi,320d xDrive Edition M Sport,Sedan
Chery,Tiggo 7 Pro Max,Intelligent,SUV
BMW,4 Serisi,430i xDrive M Sport,Coupe
Citroen,C4,1.6 HDi Easy,Hatchback/5
BMW,2 Serisi,220i Active Tourer M Sport,MPV
Fiat,Panda,1.2 Fire City Cross,Hatchback/5
Dacia,Logan,1.6 MCV Ambiance,Station wagon
Toyota,Corolla,1.6 Sol,Sedan
Fiat,Punto,1.3 Multijet Popstar,Hatchback/5
Renault,Megane,1.6 Authentique,Sedan
Mercedes - Benz,GLC,180 AMG,SUV
Renault,Clio,1.6 Extreme Edition,Hatchback/5
Volkswagen,Amarok,2.0 TDI Style Plus,Hard top
Honda,Civic,1.6 i ES,Sedan
Peugeot,508,1.6 THP Access,Sedan
Toyota,C-HR,1.8 Hybrid Dynamic,SUV
Fiat,Egea,1.6 Multijet Mirror,Hatchback/5
Fiat,Punto,1.3 Multijet Easy,Hatchback/5
Fiat,Linea,1.6 Multijet Dynamic Plus,Sedan
BMW,3 Serisi,318i Luxury Line,Sedan
Peugeot,106,XR,Hatchback/3
Opel,Corsa,1.4 Color Edition,Hatchback/5
Skoda,Scala,1.5 TSI Monte Carlo,Hatchback/5
BMW,2 Serisi,230e xDrive Active Tourer Luxury Line,MPV
Land Rover,Range Rover,3.0 TDV6 Autobiography,SUV
Fiat,Egea,1.6 Multijet Lounge,Hatchback/5
Fiat,Siena,1.4 EL,Sedan
Opel,Astra,1.6 Essentia,Hatchback/5
Peugeot,3008,1.5 BlueHDI Active SkyPack,SUV
Toyota,Camry,2.4,Sedan
Citroen,C3,1.4 e-HDi Confort,Hatchback/5
Opel,Astra,1.6 Enjoy,-
BMW,1 Serisi,118i Sport Plus,Hatchback/5
Kia,Sportage,1.6 T-GDI Prestige Plus,SUV
Volkswagen,Tiguan,1.4 TSI Highline,SUV
Seat,Arona,1.0 EcoTSI Xperience,SUV
Ford,C-Max,1.6 TDCi Trend,MPV
Dacia,Jogger,1.0 TCe Extreme,MPV
BMW,2 Serisi,216d Gran Tourer Gran Tourer,MPV
Skoda,Kodiaq,1.5 TSI GreenTec Prestige,SUV
Opel,Corsa,1.2 Edition,Hatchback/5
Peugeot,206+,1.4 Envy,Hatchback/5
Fiat,Egea,1.6 E-Torq Urban Plus,Hatchback/5
Audi,A3,A3 Hatchback 1.6 Attraction,Hatchback/3
BMW,2 Serisi,218i M Sport,Cabrio
Peugeot,2008,1.5 BlueHDI GT,SUV
Mercedes - Benz,EQS,450+,Sedan
Toyota,Hilux,GR Sport 2.8 4x4,SUV
Hyundai,Ioniq 5,Dynamic,SUV
BMW,3 Serisi,320i,Coupe
Opel,Corsa,1.5 CDTI Edition,Hatchback/5
Fiat,Punto,1.4 Lounge S&S,Hatchback/5
Fiat,Palio,1.2 SL,Hatchback/5
Citroen,Saxo,1.4 SX,Hatchback/5
Citroen,C5,1.6 HDi Executive,Sedan
Jeep,Renegade,1.6 MultiJet Longitude,SUV
Mercedes - Benz,GLA,200 Urban,SUV
Fiat,500 Ailesi,500L 1.3 Mjet Cross,MPV
Fiat,Punto,Grande 1.3 Multijet Active,Hatchback/3
Honda,City,1.4 LS,Sedan
BMW,4 Serisi,418i M Sport,Coupe
Ssangyong,Musso Grand,2.2 D Platinum,Hard top
Ford,Fiesta,1.4 TDCi Collection,Hatchback/5
Fiat,Punto,Grande 1.3 Multijet Emotion,Hatchback/3
Honda,Civic,1.6 Elegance,Sedan
Mercedes - Benz,ML,320 CDI,SUV
Fiat,Linea,1.3 Multijet Emotion,Sedan
BMW,3 Serisi,318i Edition Luxury Line,Sedan
Renault,Megane,1.6 Authentique,Hatchback/3
BMW,4 Serisi,418i Prestige,Coupe
Honda,Civic,1.6 Premium,Sedan
BMW,3 Serisi,316i Technology,Sedan
Opel,Insignia,1.6 T Cosmo,Hatchback/5
Seat,Leon,1.6 TDI CR Style,Station wagon
BMW,2 Serisi,216d Active Tourer Sport Line,MPV
Fiat,Egea,1.6 E-Torq Lounge Plus,Sedan
Mazda,3,1.6 Touring,Sedan
Audi,A5,A5 Coupe 45 TFSI Quattro S Line,Coupe
Volkswagen,Polo,1.0 Trendline,Hatchback/5
Fiat,Egea,1.6 Multijet Lounge Plus,Sedan
Opel,Insignia,2.0 CDTI CDTi,Hatchback/5
BMW,3 Serisi,316i Advantage,Sedan
Cupra,Formentor,1.5 eHybrid Phev Supreme,SUV
Fiat,Palio,1.6 Sporting,Hatchback/5
Audi,A1,1.6 TDI Ambition,Hatchback/3
Hyundai,Ioniq,1.6 GDI Elite Plus,Hatchback/5
BMW,i Serisi,i5 xDrive40 M Sport,Sedan
BMW,2 Serisi,218i Gran Coupe First Edition M Sport,Coupe
Hyundai,i20,1.2 MPI Team,Hatchback/5
BMW,3 Serisi,318i Sport Line,Sedan
Dacia,Lodgy,1.5 dCi Stepway,MPV
Fiat,Palio,1.4 Fire Active Sole,Hatchback/5
Renault,Clio,1.4 Authentique,Hatchback/5
Dacia,Jogger,1.0 Eco-G Extreme,MPV
Fiat,Egea,1.6 Multijet Street,Hatchback/5
Fiat,Albea,1.2 Active,Sedan
Fiat,Punto,EVO 1.4 Fire Dynamic,Hatchback/5
Fiat,Egea,1.5 T4 Urban,Sedan
Chery,Tiggo 7 Pro,1.6 TGDI Avantgarde,SUV
Hyundai,Ioniq 5,Progressive,SUV
Chery,Omoda 5 Pro,1.6 T-GDI Intelligent,SUV
Fiat,Palio,1.2 EL Weekend,Station wagon
BMW,4 Serisi,420d xDrive Gran Coupe M Sport,Coupe
Audi,A5,A5 Sportback 2.0 TFSI Quattro,Sedan
Peugeot,2008,1.6 e-HDi Active,SUV
BMW,3 Serisi,318i Pure,Sedan
BMW,5 Serisi,525d xDrive Executive Plus,Sedan
Nissan,Qashqai,1.6 dCi Black Edition,SUV
BMW,6 Serisi,640d Gran Coupe,Coupe
BMW,7 Serisi,730d Long Standart,Sedan
Volvo,V90 Cross Country,2.0 B5 Plus Bright,Station wagon
Mitsubishi,Space Star,1.2 Invite,Hatchback/5
Dacia,Duster,1.5 BlueDCI Comfort,-
Dacia,Sandero Stepway,1.0 Tce Extreme,Hatchback/5
Dacia,Duster,1.0 Tce ECO-G Prestige,SUV
BMW,i Serisi,i4 eDrive 40 Edition M Sport,Hatchback/5
Peugeot,e-3008,Allure,SUV
Opel,Astra,1.2 T Ultimate,Hatchback/5
Opel,Astra,1.6 Enjoy,Sedan
Volkswagen,Amarok,3.0 TDI Panamericana,Hard top
Opel,Corsa,1.2 Twinport Enjoy,Hatchback/5
Toyota,Hilux,2.4 D-4D 4x4 Invincible,Pick-Up
Chevrolet,Lacetti,1.6 SX,Hatchback/5
Fiat,Tipo,1.6 SLX ie,Hatchback/5
Opel,Corsa,1.4 Twinport Essentia,Hatchback/5
Fiat,Tipo,1.4 S,Hatchback/5
BMW,3 Serisi,318is,Sedan
Mazda,6,2.0 Sport,Sedan
Fiat,Punto,EVO 1.4 Active,Hatchback/5
Fiat,Idea,1.4 Active,MPV
BMW,3 Serisi,320d xDrive GT Sport Line,Hatchback/5
Fiat,Punto,1.3 Multijet Pop,Hatchback/5
Citroen,C2,1.4 SX,Hatchback/3
Kia,Rio,1.5 CRDi Trend,Sedan
Audi,A3,A3 Sedan 30 TDI Design,Sedan
Opel,Astra,1.3 CDTI Cosmo,Sedan
Land Rover,Range Rover,4.6 Vogue,SUV
Hyundai,Bayon,1.4 MPI Style,SUV
Mercedes - Benz,GLC Coupe,250 d AMG,SUV
Toyota,Corolla,1.4 D-4D Terra,Hatchback/5
Fiat,500 Ailesi,500 1.2 Lounge,Hatchback/3
Suzuki,Vitara,1.6 GLX,SUV
Nissan,Juke,1.5 dCi Tekna,SUV
Skoda,SuperB,1.5 TSI Elite,Sedan
Fiat,500 Ailesi,500L 1.3 Mjet Panoramic Edition,MPV
Mitsubishi,L 200,4x4 Tornado,SUV
Hyundai,Tucson,1.6 CRDi Style,SUV
Opel,Astra,1.6 CDTI Edition,Sedan
Audi,A5,A5 Sportback 2.0 TDI Quattro Sport,Hatchback/5
Opel,Corsa,1.3 CDTI Color Edition,Hatchback/5
Kia,Stonic,1.4 MPI Elegance,SUV
BMW,5 Serisi,520Li,Sedan
Audi,A6,E-Tron,Station wagon
Audi,A3,A3 Sportback 35 TFSI Sport,Hatchback/5
Mitsubishi,L 200,4x2 Storm,Hard top
Peugeot,3008,1.5 BlueHDI Active Life Prime Edition,SUV
Fiat,Linea,1.6 Multijet Urban,Sedan
Fiat,Uno,1.4 ie SX,Hatchback/5
Tesla,Model Y,Performance,Hatchback/5
Hyundai,i10,1.2 MPI Style,Hatchback/5
Fiat,Linea,1.3 Multijet Active Plus,Station wagon
Toyota,Corolla,1.6 Vision,Sedan
Opel,Crossland,1.5 T Edition,SUV
BMW,3 Serisi,320i Luxury Line,Sedan
Mazda,323,1.5 Familia,Hatchback/5
Fiat,Tempra,1.6 SX SW,Station wagon
Fiat,Palio,1.2 EL Speedgear,Hatchback/5
Peugeot,3008,1.6 HDi Premium Pack,SUV
BMW,2 Serisi,218i Gran Coupe First Edition Luxury Line,Coupe
BMW,3 Serisi,320d Technology,Sedan
Peugeot,2008,1.2 Hybrid Allure,SUV
Fiat,Tempra,1.6 SX AK,Sedan
Chevrolet,Aveo,1.2 LS,Hatchback/5
Chevrolet,Aveo,1.2 SE,Sedan
BMW,2 Serisi,218i Active Tourer Luxury Line,MPV
Fiat,Egea,1.3 Multijet Mirror,Hatchback/5
Toyota,Corolla,1.6 Dream,Sedan
Land Rover,Range Rover Sport,3.0 SDV6 HSE,SUV
Ford,Kuga,1.5 TDCi Style,SUV
Peugeot,3008,1.5 BlueHDI Active Life Sky Pack,SUV
Mercedes - Benz,C,C 180 Kompressor BlueEfficiency Avantgarde,Sedan
Peugeot,3008,1.5 BlueHDI GT Line,SUV
Kia,Sorento,2.5 CRDi EX Premium,SUV
Volkswagen,Polo,1.4 Basicline,Hatchback/5
Mercedes - Benz,GLA,200 AMG Plus,SUV
Nissan,X-Trail,1.5 DIG-T Platinum,SUV
BMW,3 Serisi,318i 40th Year Edition,Sedan
Citroen,C-Elysée,1.6 HDi Feel,Sedan
Mercedes - Benz,C,C 200 Exclusive,Sedan
Fiat,Palio,1.2 SL,-
Ford,C-Max,1.6 TDCi Titanium X,MPV
Ford,C-Max,1.5 TDCi Titanium,MPV
Renault,Megane,1.5 dCi Privilege,Hatchback/5
Opel,Grandland X,1.2 EcoTEC Enjoy Black Edition,SUV
Volvo,XC60,2.0 D4 Advance,SUV
Renault,Clio,1.5 BlueDCI Touch,Hatchback/5
BMW,3 Serisi,318i Joy,Sedan
Skoda,Fabia,1.4 TDI Ambiente,Sedan
Nissan,Qashqai,1.3 DIG-T N-Connecta,SUV
Ford,C-Max,1.6 TDCi Ghia,MPV
Alfa Romeo,Giulietta,1.4 TB Distinctive,Hatchback/5
Hyundai,Kona,Electric Advance,SUV
BMW,3 Serisi,320i Cabrio,Cabrio
Volkswagen,Polo,1.6 TDi Trendline,Hatchback/5
BMW,i Serisi,i5 M60 xDrive,Sedan
Toyota,Hilux,2.4 D-4D 4x2 Adventure,Pick-Up
Chevrolet,Aveo,1.4 LTZ,Hatchback/5
Volvo,XC40,1.5 T3 Momentum,SUV
Chevrolet,Kalos,1.4 SE,Hatchback/5
BMW,1 Serisi,116d Sport Line,Hatchback/5
Skoda,Fabia,1.0 GreenTec Ambition,Hatchback/5
Audi,A4,A4 Sedan 45 TFSI Quattro Advanced,Sedan
Volvo,XC40,P6 Recharge Pure Electric Ultimate,SUV
Nissan,Navara,2.3 dCi 4x4,SUV
Ford,Focus,1.6 Ti-VCT Titanium,Hatchback/5
Dacia,Sandero Stepway,1.0 Tce Essential,Hatchback/5
Fiat,Palio,1.4 Fire Active,Hatchback/5
Opel,Astra,1.4 T GS Line,Hatchback/5
Opel,Grandland,1.5 D Ultimate,SUV
Fiat,Uno,70 SL,Hatchback/5
Land Rover,Range Rover Sport,3.0 SDV6 Autobiography,SUV
Peugeot,3008,1.5 BlueHDI GT Line Dynamic,SUV
Dacia,Duster,1.0 Tce ECO-G Essential,SUV
Jeep,Compass,1.4 Limited,SUV
Audi,Q7,3.0 TDI Quattro,SUV
Toyota,Corolla,1.6 Life,Sedan
Mercedes - Benz,A,A 200 BlueEfficiency AMG,Hatchback/5
Hyundai,Bayon,1.2 MPI Jump,SUV
Hyundai,Bayon,1.0 T-GDI Elite,SUV
Seat,Cordoba,1.4 Stella,Sedan
Fiat,Punto,EVO 1.4 Fire My Life,Hatchback/5
Fiat,Palio,1.4 RT,Hatchback/5
Land Rover,Range Rover Sport,2.7 TDV6 SE,SUV
Seat,Leon,1.5 EcoTSI Style,Hatchback/5
Audi,A3,A3 Sportback 30 TDI Dynamic,Hatchback/5
Fiat,Siena,1.2 EL,Sedan
Tesla,Model Y,Standart Range,-
Renault,Megane,1.6 Sportway,Sedan
Ford,Focus,1.5 TDCi Trend X,Hatchback/5
Peugeot,2008,1.6 BlueHDI Allure,SUV
Peugeot,2008,1.2 PureTech Active Prime,SUV
Citroen,C3,1.4 SX,Hatchback/5
Peugeot,301,1.2 PureTech Active,Sedan
Citroen,C4,1.2 PureTech Shine Bold,SUV
Audi,A3,A3 Sportback 1.2 TFSI Attraction,Hatchback/5
Land Rover,Range Rover,2.0 PHEV Vogue,SUV
Suzuki,Swift,1.2 Hibrit Pulse,Hatchback/5
Suzuki,Alto,1.1 GLX,Hatchback/5
Chery,Omoda 5,1.6 TGDI Comfort,SUV
Volkswagen,Bora,1.6 Comfortline Variant,Station wagon
Peugeot,3008,1.6 HDi Allure,SUV
Mercedes - Benz,E,250 CDI AMG,Coupe
Tesla,Model Y,Long Range AWD,Hatchback/5
Toyota,Corolla,1.4 D-4D Premium 50.Yıl,Sedan
Renault,Clio,1.6 RXT,Hatchback/5
Ford,Puma,1.0 EcoBoost ST Line,SUV
Fiat,Punto,Grande 1.3 Multijet 1.3 Multijet,Hatchback/5
Citroen,C4 Picasso,1.6 HDi Dynamique,MPV
Ford,Fiesta,1.4 TDCi My Fiesta,Hatchback/5
Toyota,Corolla,1.6 XLi,Sedan
Citroen,C3,1.4 X Furio,Hatchback/5
Fiat,Palio,1.3 Multijet Dynamic Sole,Hatchback/5
Honda,HR-V,1.5 e-HEV Advance,SUV
Toyota,Corolla,1.8 Hybrid Passion X-Pack,Sedan
Ford,Escort,1.6 CLX,Sedan
Toyota,Corolla,1.5 Passion X-Pack,Sedan
Peugeot,308,1.2 PureTech Allure,Hatchback/5
Ford,Focus,1.0 GTDi Titanium,Hatchback/5
Volvo,XC40,1.5 T2 Plus Dark,SUV
Fiat,Punto,EVO 1.4 Active,Hatchback/3
BMW,X1,16i sDrive X Line,SUV
BMW,4 Serisi,428i xDrive Gran Coupe M Sport,Coupe
Hyundai,Accent,1.3 Admire,Sedan
Hyundai,Accent Blue,1.4 CVVT Prime,Sedan
BMW,3 Serisi,330Ci,Coupe
Hyundai,i20 Troy,1.4 CRDi Mode,Hatchback/5
Renault,Scenic,1.6 RXT,MPV
Fiat,500 X,1.4 T Cross Plus,SUV
BMW,4 Serisi,420d M Sport,Coupe
Dacia,Lodgy,1.6 SCE Eco-G Ambiance,MPV
Peugeot,307,1.6 XT,Hatchback/5
Renault,Clio,1.6 RTE,Hatchback/5
Renault,Clio,1.4 RTA,Hatchback/5
Chevrolet,Aveo,1.2 S,Sedan
Chevrolet,Aveo,1.4 SX,Hatchback/5
Renault,Clio,0.9 TCe Icon,Station wagon
Mercedes - Benz,X,X 250 d Power,Hard top
Renault,Latitude,1.5 dCi Privilege,Sedan
Ford,Focus,1.0 EcoBoost Active X,Hatchback/5
Fiat,Albea,Sole 1.4 Fire Dynamic Plus,Sedan
Citroen,Saxo,1.6 SX,Hatchback/5
Nissan,Juke,1.6 Skypack,SUV
Cupra,Formentor,1.5 e-TSI Mhev Standart,SUV
Cupra,Ateca,1.5 TSI,SUV
Skoda,Octavia,1.5 Mhev Premium,Sedan
Peugeot,308,1.6 VTi Comfort,Hatchback/5
Opel,Mokka,1.6 CDTI Cosmo,SUV
Renault,Clio,1.5 dCi Authentique,Hatchback/3
Opel,Grandland X,1.2 EcoTEC Ultimate,SUV
Opel,Astra,1.6 GL,Hatchback/5
Hyundai,ix35,2.0 R Style Plus,SUV
Peugeot,3008,1.6 BlueHDi Active,SUV
Fiat,Albea,1.6 Dynamic,Sedan
Fiat,Palio,1.2 Active,Hatchback/5
Fiat,Topolino,Bilinmiyor,Coupe
Ford,Focus,1.5 TDCi Style,Sedan
Volkswagen,Amarok,2.0 TDI Trendline,SUV
Renault,R 19,1.4 Europa RN,Hatchback/5
Audi,Q5,40 TDI Quattro Advanced,SUV
Fiat,Palio,1.4 Fire Premio Sole,Hatchback/5
BMW,i Serisi,i8 Premium Techno,Coupe
Chevrolet,Aveo,1.2 S,Hatchback/5
Peugeot,2008,1.5 BlueHDI Active Prime,SUV
Fiat,Tipo,1.4 DGT,Hatchback/5
Ford,Focus,1.6 Trend,Hatchback/3
Volkswagen,Touareg,3.0 TDI R-Line,SUV
Ford,Focus,2.0 Ghia,Sedan
Fiat,Marea,1.6 Exclusive,Sedan
Citroen,C3,1.2 PureTech Feel Adventure,Hatchback/5
Kia,XCeed,1.5 T-GDI Prestige,SUV
Volvo,XC60,2.0 T8 Hybrid Polestar,SUV
Kia,Ceed,1.5 T-GDI Elegance Plus,Hatchback/5
Nissan,Qashqai,1.6 Tekna Executive,SUV
Fiat,Uno,60 S,Hatchback/3
Fiat,500 X,1.3 FireFly Sport,SUV
Peugeot,206,1.4 XR,Hatchback/5
Renault,Megane,1.4 Authentique,Sedan
Seat,Ibiza,1.4 Stylance,Hatchback/5
Nissan,Juke,1.5 dCi Visia,SUV
Jeep,Compass,2.0 Limited,SUV
Audi,A3,A3 Sedan 1.4 TFSI Attraction,Sedan
Audi,A3,A3 Sedan 1.2 TFSI Attraction,Sedan
Audi,A3,A3 Sedan 30 TFSI Advanced,Sedan
Toyota,RAV4,2.0,SUV
Ford,Focus,1.5 TDCi Active X,Hatchback/5
Volkswagen,Passat,1.8 Comfortline,Sedan
Fiat,Punto,1.2 Pop,Hatchback/5
Ford,Focus,1.0 EcoBoost Titanium Stil,Hatchback/5
Opel,Corsa,1.4 Swing,Hatchback/3
Ford,Escort,1.6 CLX,Station wagon
Fiat,Punto,1.3 Multijet Shine,Hatchback/5
Fiat,Palio,1.2 Go,Hatchback/5
Ford,C-Max,1.5 Titanium,MPV
Volkswagen,Polo,1.6,Hatchback/3
Renault,Duster,1.2 Mhev,SUV
Tesla,Model Y,Standart Range,Hatchback/5
Ford,Focus,1.0 GTDi Style,Sedan
Opel,Astra,1.6 CDTI Edition Plus,Sedan
Renault,R 12,Toros,Sedan
Renault,R 19,1.6 Europa RT,Sedan
Renault,Clio,1.2 Extreme,Hatchback/5
Skoda,Octavia,1.5 e-Tec Sportline,Sedan
Chevrolet,Epica,D LT,Sedan
Fiat,Egea,1.3 Multijet Street,Hatchback/5
Citroen,AMİ,My Ami Electric,Coupe
Citroen,C-Elysée,1.6 BlueHDI Shine,Sedan
Hyundai,i10,1.1 Team,Hatchback/5
Hyundai,Accent Era,1.5 CRDi-VGT Style,Sedan
Hyundai,i30,1.6 CRDi Team,Hatchback/5
Ford,Focus,1.5 TDCi Titanium,Hatchback/5
Tata,Telcoline,4x2 Çift Kabin,SUV
Ford,Focus,1.6 TDCi Trend,Hatchback/5
Honda,Accord,2.0 LS,Sedan
Ford,Focus,1.5 TDCi Style,Hatchback/5
Ford,Focus,1.5 TDCi Active Stil,Hatchback/5
Volkswagen,Jetta,1.4 TSi BlueMotion Comfortline,Sedan
Ford,Focus,1.5 EcoBlue Trend X,Hatchback/5
Fiat,Egea Cross,1.6 Multijet Urban,Crossover
Volkswagen,Golf,1.6 Trendline,Hatchback/5
Fiat,Bravo,1.4 T-Jet Dynamic Plus,Hatchback/5
BMW,3 Serisi,318d Premium,Sedan
BMW,3 Serisi,318d Prestige,Sedan
Volkswagen,Golf,1.5 TSi Comfortline,Hatchback/5
Ford,Focus,1.0 GTDi Style,Hatchback/5
Fiat,Egea,1.4 T-Jet Lounge Plus,Sedan
Audi,A3,A3 Sportback 30 TFSI S-Line,Hatchback/5
Chrysler,300 C,3.5,Sedan
Audi,A3,A3 Sportback 1.6 TDI Dynamic,Hatchback/5
Alfa Romeo,Tonale,1.5 VGT Veloce,SUV
Ford,Focus,1.6 TDCi Style,Hatchback/5
Citroen,C3,1.4 Attraction,Hatchback/5
BMW,X3,20i sDrive,SUV
Audi,A3,A3 Sedan 1.6 TDI Dynamic,Hatchback/5
Ford,Fiesta,1.4 TDCi Cool,Hatchback/5
Ford,Escort,1.8 CLX,Sedan
Audi,A3,A3 Sportback 1.6 Ambiente,Hatchback/5
Citroen,Xsara,1.4 HDi,Hatchback/5
Dacia,Duster,1.5 dCi Comfort,SUV
Dacia,Logan,1.4,Sedan
BMW,X5,30d,SUV
Opel,Astra-e,Ultimate,Hatchback/5
Audi,A1,1.4 TFSI Attraction,Hatchback/3
Fiat,600,E La Prima,SUV
Ford,Fusion,1.4 TDCi Comfort,Hatchback/5
Chevrolet,Lacetti,1.6 WTCC,Hatchback/5
Fiat,Egea,1.6 Multijet Urban Plus,Station wagon
Ford,Mondeo,2.0 Trend,Sedan
Jeep,Cherokee,2.8 CRD Limited,SUV
Ford,Focus,1.5 TDCi Trend X,Hatchback/3
Chrysler,Neon,2.0 LE,Sedan
Citroen,C2,1.4 HDi X Pack,Hatchback/3
Kia,Stonic,1.0 T-GDI Cool,SUV
Ford,EcoSport,1.0 EcoBoost Style,SUV
Mercedes - Benz,E,200 CGI BlueEFFICIENCY Avantgarde,Sedan
Ford,Focus,1.6 TDCi Trend,Station wagon
Nissan,Micra,1.2 Punch,Hatchback/5
Opel,Astra,1.4 Essentia,Hatchback/5
Honda,HR-V,4WD,SUV
Ford,Mondeo,2.0 TDCi Trend,Sedan
Ssangyong,Musso Grand,2.2 D Edition,Hard top
Opel,Corsa,1.2 Enjoy,Hatchback/5
Mercedes - Benz,GLB,200 AMG 4Matic,SUV
Ford,Mondeo,1.6 TDCi Titanium,Sedan
Mercedes - Benz,GLE Coupe,300 d 4Matic AMG,SUV
Fiat,Marea,1.6 ELX,Sedan
Ford,Ranger,2.0 EcoBlue 4x4 Wildtrak X,Hard top
Land Rover,Range Rover Sport,3.0 SDV6 HSE Dynamic,SUV
Nissan,Qashqai,1.6 dCi Visia,SUV
Honda,City,1.4 Comfort,Sedan
Geely,Familia,1.5 Comfort,Sedan
Honda,City,1.4 ES,Sedan
Audi,A3,A3 Cabrio 1.4 TFSI Attraction,-
Ford,Mondeo,1.6 Trend,Sedan
Ford,Fusion,1.6,Hatchback/5
DS Automobiles,DS9,1.6 PureTech Opera,Sedan
Fiat,Bravo,1.4 Multiair Sport Style,Hatchback/5
Audi,A3,A3 Sportback 1.2 TFSI Ambiente,Hatchback/5
Audi,A3,A3 Sedan 35 TFSI Advanced,Hatchback/5
Peugeot,508,1.5 BlueHDI GT Selection,Sedan
Geely,Echo,1.3 Comfort,Sedan
Ford,Fiesta,1.4 Fun,Hatchback/5
Hyundai,Kona,1.6 CRDI Smart,SUV
Fiat,Albea,1.2 SL,Sedan
Nissan,X-Trail,1.5 DIG-T Platinum Premium,SUV
Jeep,Compass,1.5 Hybrid S Limited,SUV
Ford,Mondeo,1.5 Ecoboost Style,Sedan
Ford,Focus,1.0 EcoBoost Titanium X,Hatchback/5
Jaguar,XE,2.0 Prestige,Sedan
BMW,5 Serisi,530i Executive M,Sedan
Fiat,Egea,1.6 Multijet Urban,SUV
Ford,Mustang,2.3 Fastback,Coupe
Kia,Sportage,1.6 GSL,SUV
BMW,4 Serisi,418i Gran Coupe Joy,Coupe
Honda,Civic,1.6i VTEC LS Elegance,Sedan
Nissan,X-Trail,2.0 Sport,SUV
Land Rover,Discovery,2.0 SD4 HSE,SUV
Ford,Focus,1.5 TDCi Titanium X,Hatchback/5
TOGG,T10X,V1,SUV
Fiat,Tempra,1.6 ie SLX,Sedan
Honda,Accord,2.0 Executive,Sedan
Chevrolet,Aveo,1.3 D LTZ,Hatchback/5
Toyota,Corolla Cross,1.8 Hybrid Flame,SUV
Toyota,C-HR,1.2 Turbo Advance,SUV
Kia,Rio,1.4 CRDi Concept,Hatchback/5
Kia,Cerato,1.6 CRDi Concept Techno,Sedan
Honda,City,1.4 Elite,Sedan
Volkswagen,Tiguan,1.4 TSI Fun&Function,SUV
Volvo,S80,1.6 D Advance,Sedan
Fiat,Fullback,2.4 D Fullrock,Pick-Up
Ford,Focus,1.6 TDCi Collection,Station wagon
Peugeot,3008,1.6 BlueHDi Allure,SUV
Ford,Focus,1.6 Trend,Sedan
BMW,iX1,eDrive20 Sport Line,SUV
Volkswagen,Tiguan,1.4 TSI Trendline,SUV
Honda,Civic,1.6i DTEC Executive,Sedan
Audi,A3,A3 Sportback 1.6 Ambition,Hatchback/5
Renault,Captur,1.3 TCe Touch,Crossover
Renault,Captur,1.3 TCe Icon,SUV
Seat,Arona,1.0 EcoTSI Xcellence,SUV
Ford,Fusion,1.4 TDCi 5K,Hatchback/5
Skoda,Kamiq,1.6 TDI Premium,SUV
Volkswagen,Amarok,2.0 TDI Style,Hard top
Honda,Accord,2.4 Executive,Sedan
Hyundai,Accent Era,1.5 CRDi Mode,Sedan
BMW,i Serisi,i4 eDrive 40 M Sport,Coupe
Nissan,Qashqai,1.3 DIG-T Platinum Premium,SUV
Citroen,C4 Picasso,1.6 e-HDi Dynamic,MPV
Volkswagen,Tiguan,2.0 TDI Highline,SUV
Ford,Mondeo,1.6 TDCi Selective,Sedan
Honda,Civic,1.6i VTEC Black Edition,Sedan
Volkswagen,Tayron,1.5 e-TSI R Line,SUV
Opel,Meriva,1.4 T Enjoy,MPV
Citroen,C4,1.6 BlueHDi Exclusive,Hatchback/5
Ford,Mondeo,1.5 Style,Sedan
Volvo,S40,1.6 D Dynamic,Sedan
Renault,Symbol,1.0 SCe Joy,Sedan
Fiat,Egea,1.6 E-Torq Lounge Plus,Hatchback/5
Audi,A3,A3 Sportback 1.5 TFSI 1,Hatchback/5
Honda,Accord,2.0 EX,Sedan
BMW,3 Serisi,318ti Compact,Hatchback/3
Ford,Focus,1.0 EcoBoost Active Stil,Hatchback/5
Opel,Mokka X,1.6 CDTI Enjoy,SUV
Ford,Focus,1.0 EcoBoost ST Line,Hatchback/5
Ford,Focus,1.0 GTDi Trend X,Sedan
BMW,3 Serisi,316i Standart,Hatchback/3
Volvo,V40 Cross Country,1.6 T4 Premium,Hatchback/5
Audi,A3,A3 Sportback 1.4 TFSI,Hatchback/5
Volvo,S40,2.0,Sedan
Peugeot,2008,1.5 BlueHDI Active,SUV
Jeep,Renegade,1.4 MultiAir Longitude,SUV
Chery,Tiggo 8 Pro,1.6 TGDI Luxury,SUV
Hyundai,Tucson,1.6 CRDi Smart,SUV
Jeep,Renegade,1.3 T Limited,SUV
Mini,Cooper,1.6 Türkiye Paketi,Coupe
Ford,Focus,1.6 TDCi Trend X,Station wagon
Honda,Jazz,1.4 Joy,Hatchback/5
Ford,Fiesta,1.6 Ghia,Hatchback/5
Renault,Koleos,1.3 TCe Icon,SUV
Chevrolet,Corvette,C5,Coupe
Audi,A4,A4 Sedan 2.0,Sedan
BMW,3 Serisi,320d xDrive Sport Line,Sedan
Opel,Astra,1.3 CDTI Edition Plus,Hatchback/5
DS Automobiles,DS4,1.5 BlueHDi Pallas,Hatchback/5
Dacia,Sandero,1.5 dCi Black Line,Hatchback/5
Citroen,C2,1.4 HDi SX,Hatchback/3
Toyota,Auris,1.4 D-4D Elegant,Hatchback/5
Honda,Jazz,1.4 LS,Hatchback/5
Toyota,C-HR,1.2 Turbo Advance,Crossover
BMW,3 Serisi,320d xDrive Comfort Plus,Sedan
Hyundai,Elantra,1.6 MPI Smart,Sedan
Hyundai,Accent,1.5 GL,Sedan
Fiat,500 Ailesi,500L 1.6 Mjet RockStar,MPV
Audi,A5,A5 Sportback 2.0 TDI,Sedan
Fiat,Linea,1.4 Fire Dynamic,Sedan
Opel,Corsa,1.2 Essential,Hatchback/5
Opel,Corsa,1.5 CDTI Innovation,Hatchback/5
Ford,Focus,1.6 TDCi Titanium,Station wagon
Volkswagen,Tiguan,1.4 TSI R-Line,SUV
Volvo,XC60,2.0 D3 Premium,SUV
Kia,Rio,1.4 EX Advance,Sedan
Peugeot,508,1.5 BlueHDI Allure,Sedan
Kia,Rio,1.4 WGT Cool,Hatchback/5
Ford,Fiesta,1.25 Ghia,Hatchback/5
Honda,Accord,1.5 VTEC Executive,Sedan
Opel,Astra,1.4 T Cosmo,Sedan
Mini,Cooper,1.6 Türkiye Paketi,-
Opel,Astra,1.6 CDTI Elite,Sedan
Hyundai,i20 N,1.6 T-GDI,Hatchback/5
Hyundai,i30,1.6 CRDi Elite Plus,Hatchback/5
Mini,Cooper,1.5 Signature,Hatchback/3
Toyota,Corolla,1.4 D-4D Active,Sedan
Hyundai,i20,1.2 MPI Style,Hatchback/3
Peugeot,206,1.4 XT,Hatchback/3
Kia,Cerato,1.6 EX Premium,Sedan
Kia,Rio,1.5 CRDi EX Advance,Sedan
Nissan,Micra,1.0 IG-T Tekna,Hatchback/5
Hyundai,i10,1.0 D-CVVT Jump,Hatchback/5
Opel,Astra,1.6 CDTI Elite,Hatchback/5
Honda,Civic,1.6i DTEC Elegance,Hatchback/5
Maserati,Quattroporte,4.2 Automatica,Sedan
Nissan,Pulsar,1.2 Tekna,Hatchback/5
Audi,A3,A3 Sportback 1.6 FSI,Hatchback/5
Mercedes - Benz,CLE,300 AMG,Coupe
Nissan,Primera,1.6 Comfort,Sedan
Peugeot,307,1.6 HDi Comfort,Hatchback/5
BMW,5 Serisi,530d Standart,Sedan
Hyundai,Sonata,2.0 GLS,Sedan
Mercedes - Benz,C,C 180 Exclusive,Sedan
Kia,Picanto,1.0 MPI Live,Hatchback/5
Hyundai,Accent Era,1.4 Expo Gold,Sedan
Mercedes - Benz,C,C 180 BlueEFFICIENCY Selection Plus,Sedan
Mercedes - Benz,C,C 180 BlueEFFICIENCY Fascination,Sedan
Peugeot,207,1.4 Trendy,Hatchback/5
Mercedes - Benz,C,C 200 Edition 1 AMG,Sedan
Fiat,Egea,1.5 T4 Easy,Sedan
Hyundai,Atos,1.0 GLS,Hatchback/5
BMW,1 Serisi,116d ED Joy Plus,Hatchback/5
Opel,Astra,1.3 CDTI ecoFLEX Enjoy Plus,Hatchback/5
Hyundai,i30,1.6 CRDi CW Elite,Station wagon
Mercedes - Benz,A,A 180 d Style,Hatchback/5
Audi,A3,A3 Cabrio 1.6,Hatchback/3
Kia,Rio,1.5 CRDi EX Comfort,Hatchback/5
BMW,3 Serisi,320Ci,Coupe
Kia,Rio,1.4 CVVT Comfort,Hatchback/5
Citroen,C4 Grand Picasso,1.6 HDi Dynamic,MPV
Hyundai,i20 Troy,1.2 DOHC Mode,Hatchback/5
Hyundai,Elantra,1.6 D-CVVT Tune,Sedan
BMW,1 Serisi,116d Urban Plus,Hatchback/5
Hyundai,i20 Troy,1.2 Start,Hatchback/5
Audi,A3,A3 Hatchback 1.6 Ambiente,Hatchback/3
Hyundai,i30,1.6 GDi Style,Hatchback/5
Fiat,Palio,1.3 Multijet SL,Hatchback/5
Opel,Astra,1.4 T Cosmo,Hatchback/5
Mercedes - Benz,E,240 Classic,Sedan
Chevrolet,Cruze,1.4 T Sport,Hatchback/5
Peugeot,208,1.2 VTi Active,Hatchback/5
Opel,Astra,1.3 CDTI Business,Sedan
Audi,A3,A3 Sportback 1.6 Sportback Standart,Hatchback/5
Opel,Astra,1.6 Classic,Sedan
Audi,A3,A3 Hatchback 1.6 TDI Ambition,Hatchback/3
Audi,A3,A3 Sportback 1.0 TFSI Design Line,Hatchback/5
Hyundai,Accent,1.3 GLS,Sedan
Opel,Astra,1.6 CD,Sedan
Opel,Corsa,1.4 GLS,Hatchback/5
Mercedes - Benz,E,180 Style,Sedan
Mercedes - Benz,C,C 180 Kompressor BlueEfficiency AMG,Sedan
Volkswagen,New Beetle,1.2 TSi Design,Hatchback/3
Citroen,Xsara,1.8 SX,Hatchback/5
Renault,Clio,1.5 dCi SportTourer Touch,Station wagon
Hyundai,Accent,1.3 LS,Sedan
Renault,Megane,1.5 Blue DCI Joy Comfort,Sedan
Mitsubishi,Lancer,1.6 Invite,Hatchback/5
Renault,R 19,1.4 Europa RNA,Sedan
Toyota,Corolla,1.4 D-4D Terra,Sedan
Hyundai,Accent,1.5 1.5i GLS,Sedan
Opel,Insignia,1.6 T Cosmo,Sedan
Skoda,SuperB,1.6 TDI Elite,Sedan
Peugeot,407,2.0 Executive,Sedan
Volkswagen,Jetta,1.4 TSi Exclusive,Sedan
Ford,S-Max,2.0 TDCi Titanium,MPV
Opel,Astra,1.3 CDTI ecoFLEX Cosmo,Hatchback/5
Mini,Cooper,1.5 Favoured,Hatchback/3
Hyundai,i20 Troy,1.4 CRDi Team,Hatchback/5
Toyota,Corolla,1.8 Hybrid Flame X-Pack,SUV
Skoda,SuperB,1.6 TDI Premium,Sedan
Peugeot,208,1.2 PureTech GT,Hatchback/5
Audi,A5,A5 Coupe 2.0 TDI,Coupe
Volkswagen,Passat Variant,1.6 TDi BlueMotion Comfortline,Station wagon
Peugeot,208,1.2 PureTech Active,Hatchback/5
Mercedes - Benz,S,S 350 350 BlueTEC,Sedan
Kia,Cerato,1.6 GSL Comfort,Sedan
Kia,Picanto,1.1 Hiper,Hatchback/5
Mini,Cooper,1.5 Pepper,Hatchback/3
Audi,A5,A5 Sportback 40 TDI Quattro Advanced,Hatchback/5
Hyundai,i20,1.4 CRDi Sense,Hatchback/5
Renault,Megane,1.5 dCi Sport Tourer Privilege,Station wagon
Hyundai,Accent,1.3 LX Allegro,Sedan
Volkswagen,Polo,1.4 TDi Comfortline,Hatchback/3
Opel,Agila,1.2 Comfort,Hatchback/5
Ford,Mondeo,2.5 Ghia,Sedan
Kia,Rio,1.4 CVVT Cool,Hatchback/5
Volvo,V50,1.6 D Dynamic,Station wagon
Hyundai,i10,1.2 D-CVVT 25.Yıl Özel Seri,Hatchback/5
Toyota,Corona,2.0 GLi,Sedan
Peugeot,207,1.6 VTi Premium,Hatchback/5
Opel,Astra,1.4 T Excellence,Hatchback/5
Opel,Astra,1.3 CDTI Elegance,Hatchback/5
Peugeot,206,1.4 X-Design,Hatchback/5
Opel,Astra,1.3 CDTI Enjoy Elegance,Hatchback/5
Hyundai,i20,1.4 CRDi Elite,Hatchback/5
Toyota,Yaris,1.3 Sol,Hatchback/5
Renault,Megane,1.5 dCi Expression Plus,Hatchback/5
Porsche,Taycan,4 Cross Turismo,Station wagon
Opel,Astra,1.3 CDTI Enjoy Plus,Hatchback/5
Renault,Megane,1.6 dCi GT-Line,Hatchback/5
Skoda,Octavia,1.5 e-Tec Elite,Hatchback/5
Volkswagen,Jetta,1.4 TSi Trendline,Sedan
Audi,A3,A3 Cabrio 1.4 TFSI Ambiente,-
Renault,Megane,1.2 TCe Touchrome,Hatchback/5
Mercedes - Benz,E,200 Elegance,Sedan
Peugeot,206+,1.4 Urban Move,Hatchback/5
Ford,B-Max,1.6 TDCi Titanium,MPV
Toyota,Auris,1.4 D-4D Comfort,Hatchback/5
Hyundai,Accent Era,1.5 CRDi Team,Sedan
Renault,Symbol,1.5 dCi Touch,Sedan
Volvo,S90,2.0 D B5 Plus Bright,Sedan
Chevrolet,Cruze,1.6 WTCC Edition Plus,Sedan
Hyundai,Matrix,1.6 Style,MPV
Hyundai,Accent Blue,1.4 CVVT Mode Plus,Sedan
Toyota,Auris,1.6 Advance,Station wagon
Honda,City,1.4 Sport,Sedan
Volkswagen,Golf,1.6 FSi Sportline,Hatchback/5
Seat,Ibiza,1.6 Reference,Hatchback/5
Volvo,S60,2.0 D Advance,Sedan
Skoda,Fabia,1.4 Classic,Station wagon
Skoda,Rapid,1.2 TSI Spaceback Ambition,Hatchback/5
Maserati,Ghibli,2.0,Sedan
Lada,Vega,1.6,Sedan
Kia,Cerato,1.6 LX Basic,Sedan
Volvo,S60,2.0 T Sports,Sedan
Audi,A3,A3 Sportback 2.0 TDI Standart,Hatchback/5
Renault,Fluence,1.5 dCi Authentique,Sedan
Mitsubishi,Lancer,1.6 Comfort,Sedan
Renault,ZOE,Bilinmiyor,Hatchback/5
Audi,A6,A6 Sedan 1.9 TDI,Sedan
Skoda,Octavia,1.0 TSI Optimal,Hatchback/5
Audi,A5,A5 Cabrio 45 TFSI Quattro S Line,-
Skoda,Scala,1.0 TSI Comfort,Hatchback/5
Tesla,Model Y,Standart Range,Sedan
Renault,Espace,2.2 dCi Expression,MPV
Fiat,Punto,Grande 1.3 Multijet Emotion,Hatchback/5
Opel,Insignia,1.6 CDTI ecoFLEX Edition Elegance,Sedan
Renault,Clio,1.5 dCi Grandtour Extreme,Station wagon
Mitsubishi,Lancer,1.5 Inform,Sedan
Audi,A1,1.6 TDI Sportback Sport,Hatchback/5
Mini,Cooper,1.5 Iconic,Hatchback/3
Renault,Fluence,1.5 dCi Expression,Sedan
Renault,Clio,1.6 E-Tech Techno Esprit Alpine,Hatchback/5
Dacia,Logan,1.6 Laureate,Sedan
Audi,A4,A4 Allroad Quattro 2.0 TFSI,Station wagon
Citroen,C4 Picasso,1.6 HDi SX,Hatchback/5
Audi,A5,A5 Sportback 40 TDI Quattro Sport,Hatchback/5
Fiat,Linea,1.4 Turbo Dynamic,Sedan
Toyota,Auris,1.6 Premium,Hatchback/5
Kia,Ceed,1.6 CRDi Cool,Hatchback/5
Audi,A5,A5 Sportback 1.4 TFSI Sport,Sedan
Volkswagen,Jetta,1.2 TSi Highline,Sedan
Hyundai,Accent Era,1.4 Mode,Sedan
Seat,Cordoba,1.4 TDI Stylance,Sedan
Opel,Astra,1.4 T Sport Still,Sedan
Skoda,SuperB,1.6 TDI Ambition,Sedan
Hyundai,i20,1.4 CRDi Tune,Hatchback/5
Renault,Megane,1.2 TCe Icon,Hatchback/5
Lada,Samara,1.5,Hatchback/3
Volvo,V40,1.6 D Premium,Hatchback/5
Seat,Altea,1.4 TSI Style XL,MPV
Peugeot,301,1.5 BlueHDI Active,Sedan
Kia,Cerato,1.6 EX Comfort,Sedan
Renault,R 19,1.4 Europa RNA,Hatchback/5
Hyundai,Elantra,1.6 GLS,Hatchback/5
Opel,Corsa,1.7 DTi Comfort,Hatchback/3
Mercedes - Benz,CLA,180 CDI AMG,Coupe
Peugeot,308,1.6 e-HDi Active,Hatchback/5
Peugeot,207,1.4 HDi Urban Move,Hatchback/5
Nissan,Note,1.4 Visia,Hatchback/5
Volkswagen,Passat,1.6 TDi Comfortline,Station wagon
Hyundai,Getz,1.5 CRDi GL Active,Hatchback/5
Kia,Rio,1.4 CVVT Comfort,Sedan
Opel,Astra,1.2 T Elegance,Hatchback/5
Skoda,Roomster,1.4 TDI Comfort,MPV
Audi,A5,A5 Sportback 1.4 TFSI Design,Coupe
Kia,Rio,1.2 MPI Cool,Hatchback/5
Hyundai,Getz,1.3 GLS Cool,Hatchback/5
Porsche,Taycan,Turbo S,Coupe
Opel,Meriva,1.6 Cosmo,MPV
Hyundai,Getz,1.5 CRDi GLS,Hatchback/5
Toyota,Auris,1.6 Blue,Hatchback/5
Skoda,Felicia,1.3 GLXi,Station wagon
Kia,Ceed,1.6 CRDi Premium,Hatchback/5
Fiat,Linea,1.3 Multijet Dynamic Plus,Sedan
Audi,A3,A3 Sedan 30 TDI Sport,Sedan
Skoda,Favorit,1.3 LX,Hatchback/5
BMW,3 Serisi,320d xDrive Standart,Sedan
Renault,Symbol,1.0 TCe Joy,Sedan
Renault,R 19,1.4 Europa RN,Sedan
Porsche,Taycan,Turbo,Coupe
Volvo,S90,2.0 T8 Plus Dark,Sedan
Mitsubishi,Carisma,1.6 Avance,Sedan
Honda,CR-Z,Sport,Coupe
Dacia,Logan,1.5 dCi MCV Laureate,Station wagon
Renault,Clio,1.5 dCi Joy,Station wagon
Opel,Astra,1.5 D GS Line,Hatchback/5
Hyundai,i20,1.0 T-GDI Elite,Hatchback/3
Opel,Corsa,1.4 Twinport Color Edition,Hatchback/3
Seat,Leon,1.6 Stella,Hatchback/5
Hyundai,Getz,1.5 CRDi HY,Hatchback/5
Nissan,Primera,1.6 Visia,Sedan
Ford,Mondeo,1.6 Selective,Sedan
Volkswagen,New Beetle,1.6 TDi Design,Hatchback/3
Opel,Vectra,1.6 GLS,Sedan
BMW,2 Serisi,218i Sport Line,-
Fiat,Linea,1.3 Multijet VIA,Sedan
Mercedes - Benz,B,B 150 Prestige,MPV
Opel,Meriva,1.6 Essentia,MPV
Opel,Vectra,2.0,Sedan
Mercedes - Benz,B,B 180 CDI Boyut,Hatchback/5
Chevrolet,Cruze,2.0 D LT,Sedan
BMW,1 Serisi,118i Premium Line,Hatchback/5
Opel,Astra,1.6 CDTI Design,Hatchback/5
Renault,Megane,1.5 dCi Sportway,Sedan
Volkswagen,Passat,2.0 TDi BlueMotion Elegance,Sedan
Opel,Insignia,1.6 CDTI Grand Sport Excellence,Hatchback/5
Kia,Picanto,1.25 MPI Cool,Hatchback/5
Volkswagen,Golf,1.4 TSi Pulse,Hatchback/5
Tofaş,Kartal,S,Station wagon
Audi,S,S3 2.0 TFSI Quattro,Sedan
Ford,C-Max,1.6 SCTi Titanium,MPV
Mercedes - Benz,C,C 180 Avantgarde,Sedan
Mercedes - Benz,C,C 200 All-Terrain,SUV
Hyundai,i20,1.4 CVVT Team,Hatchback/5
Hyundai,i20,1.4 CVVT Style,Hatchback/5
BMW,3 Serisi,318Ci,Coupe
Peugeot,308,1.2 VTi Active,Hatchback/5
Chevrolet,Spark,0.8 SE,Hatchback/5
Kia,Ceed,1.6 CRDi Motion,Hatchback/5
Kia,Ceed,1.6 CRDi Prestige SW,Station wagon
Mercedes - Benz,CLA,180 D Urban,Coupe
Mercedes - Benz,CLS,400 D,Coupe
Citroen,C3,1.6 VTi Feel,Hatchback/5
BMW,5 Serisi,520d xDrive Luxury Line,Sedan
Mercedes - Benz,E,250 CDI Elite,Sedan
Mercedes - Benz,CLK,CLK 200 Kompressor Avantgarde,Coupe
Hyundai,Accent Era,1.5 CRDi Select,Sedan
Mercedes - Benz,CLS,300 D AMG,Coupe
Opel,Vectra,2.0 CDX,Sedan
Renault,Megane,1.6,Sedan
Mercedes - Benz,E,200 AMG,Sedan
Peugeot,508,1.6 e-HDi Active,Station wagon
Mercedes - Benz,E,180 AMG,Sedan
Opel,Zafira,1.6 Comfort,MPV
Renault,Scenic,1.6 Sportway,MPV
Opel,Corsa,1.2 Swing,Hatchback/5
Opel,Astra,1.6 CD,Hatchback/5
BMW,2 Serisi,216d Gran Coupe First Edition M Sport,Sedan
BMW,1 Serisi,116d Comfort,Hatchback/5
Kia,Rio,1.4 CRDi Sporty,Hatchback/5
Kia,Rio,1.5 Comfort,Hatchback/5
Hyundai,i20 Troy,1.4 CRDi Prime,Hatchback/5
Kia,Picanto,1.0 MPI Cool,Hatchback/5
Opel,Corsa,1.4 Comfort,Hatchback/3
Hyundai,i30,1.4 T-GDi Elite,Hatchback/5
Nissan,Almera,1.5 Tekna,Hatchback/5
Peugeot,407,1.6 HDi Executive Black,Sedan
Lada,Vega,1.5,Station wagon
BMW,2 Serisi,218i Luxury Line,MPV
BMW,2 Serisi,218i Sport Line,MPV
Renault,Megane,1.4 Authentique,Hatchback/5
BMW,2 Serisi,216d Gran Coupe M Sport,Coupe
Mercedes - Benz,E,230 Avantgarde,Sedan
Porsche,Taycan,4S,Sedan
Opel,Corsa,1.3 CDTI Sport,Hatchback/3
Hyundai,i30,1.6 CRDi Style Plus,Hatchback/5
Peugeot,207,1.6 HDi Feline,Hatchback/5
Hyundai,i30,1.6 CVVT Mode,Hatchback/5
Nissan,Micra,1.2 Visia,Hatchback/5
Jeep,Compass,1.3 GSE Longitude,SUV
Kia,Sportage,1.6 CRDI Elegance Vizyon,SUV
Hyundai,Matrix,1.5 CRDi Select,MPV
Fiat,Linea,1.6 Multijet Dynamic,Sedan
BMW,4 Serisi,430i Coupe Edition M Sport,Coupe
Renault,Megane,1.5 dCi Color Edition,Coupe
Opel,Astra,1.6 Classic Twinport,Sedan
Fiat,500 Ailesi,500 1.2 Cult,Hatchback/3
Jaguar,XJ,3.0 D Premium Luxury,Sedan
Jaguar,XJ,2.0i Premium Luxury,Sedan
Peugeot,508,1.5 BlueHDI GT,Sedan
Renault,Symbol,1.5 dCi Dynamique,Sedan
Mercedes - Benz,C,C 180 AMG,Station wagon
Peugeot,207,1.4 Millesim,Hatchback/5
Smart,ForTwo,1.0 Passion,Coupe
Volkswagen,Golf,1.5 eTSI R Line,Hatchback/5
Kia,Cerato,1.6 CRDi Concept,Sedan
Fiat,Albea,1.3 Multijet EL,Sedan
Mercedes - Benz,B,B 180 BlueEFFICIENCY Urban,MPV
Fiat,500 Ailesi,500 1.2 Sport,Hatchback/3
Opel,Mokka X,1.6 CDTI Excellence,SUV
Kia,Cerato,1.6 GSL Concept,Sedan
Kia,Cerato,1.6 EX Advance,Sedan
Opel,Corsa,1.3 CDTI Silverline,Hatchback/5
Mercedes - Benz,B,B 160 Boyut,MPV
Peugeot,308,1.6 HDi Access,Hatchback/5
Chevrolet,Rezzo,1.6 SX Comfort,MPV
BMW,4 Serisi,418d M Plus,Coupe
Mercedes - Benz,C,C 180 Kompressor Sportcoupe,Sedan
Ford,Mondeo,1.5 TDCi Titanium,Sedan
Kia,Rio,1.5 CRDi EX Comfort,Sedan
Mercedes - Benz,C,C 200 D Comfort,Sedan
Renault,Clio,1.0 SCe Equilibre,Hatchback/5
Ford,Focus,1.6 Ti-VCT Style Plus,Hatchback/5
Kia,Rio,1.4 CVVT Fancy,Hatchback/5
Kia,Rio,1.4 CRDi Fancy,Hatchback/5
Fiat,Albea,1.4 Fire Dynamic,Sedan
Peugeot,308,1.2 PureTech Allure Dynamic,Hatchback/5
BMW,3 Serisi,330i Edition Sport Line,Sedan
Audi,A3,A3 Sportback 1.8 Attraction,Hatchback/5
Hyundai,i20,1.2 MPI Style,Station wagon
Opel,Astra,1.6 Comfort,Hatchback/5
Mercedes - Benz,C,C 180 Kompressor BlueEfficiency Luxury,Sedan
BMW,2 Serisi,216d Active Tourer Luxury Line,MPV
Opel,Corsa,1.7 DTi Comfort,Hatchback/5
Audi,A1,1.6 TDI Sportback Attraction,Hatchback/5
Kia,Venga,1.6 Panaroma,MPV
Volkswagen,VW CC,1.4 TSi R-Line,Coupe
BMW,3 Serisi,328i Modern Line,Sedan
Opel,Insignia,1.6 CDTI Enjoy Sports Tourer,Hatchback/5
Audi,A3,A3 Sedan 1.6 TDI Design Line,Hatchback/5
Audi,A3,A3 Sportback 1.6 Standart,Hatchback/5
Audi,A3,A3 Sportback 1.6 FSI,Hatchback/3
Peugeot,3008,1.2 PureTech GT,SUV
Mercedes - Benz,C,C 200 CGI Fascination,Sedan
Toyota,Yaris,1.33 Fun Special Skypack,Hatchback/5
Mercedes - Benz,CLA,180 D Comfort,Coupe
Fiat,500 Ailesi,500L 1.3 Mjet Lounge,MPV
Fiat,500 Ailesi,500C 1.2 Lounge,-
BMW,i Serisi,i5 eDrive 40 Luxury Line,Sedan
Skoda,Octavia,1.2 TSI Style,Hatchback/5
Mini,Cooper,SE,Hatchback/3
Mercedes - Benz,E,270 CDI Avantgarde,Sedan
Peugeot,208,1.2 VTi Access,Hatchback/5
Citroen,C-Elysée,1.5 BlueHDI Live,Sedan
Mercedes - Benz,E,350 CDI Premium,Sedan
Renault,Megane,1.6 RTE,Station wagon
Opel,Astra,1.6 Enjoy 111.Yıl,Sedan
Opel,Corsa,1.4 Sport,Hatchback/3
BMW,7 Serisi,730d Standart,Sedan
BMW,7 Serisi,745i Long,Sedan
Mitsubishi,Colt,1.5 Instyle,Hatchback/5
Peugeot,208,1.2 PureTech Allure Selection,Hatchback/5
Mitsubishi,Lancer,1.5 Invite,Sedan
Mitsubishi,Lancer,1.5 GLX,Sedan
Citroen,C3,1.2 PureTech Feel Business,Hatchback/5
Chery,Kimo,1.3 Forza,Hatchback/5
Mercedes - Benz,E,270 CDI Elegance,Sedan
Renault,Clio,1.5 dCi Extreme Edition,Hatchback/5
Nissan,Almera,1.5 Tekna,Sedan
Citroen,C3,1.4 VTi Collection,Hatchback/5
Volkswagen,Tiguan,1.4 TSI Lounge,SUV
Mercedes - Benz,C,C 270 CDI Avantgarde,Sedan
BMW,3 Serisi,316i Compact,Hatchback/3
Ford,C-Max,1.5 Titanium Grand,MPV
Nissan,Micra,1.2 Mood,Hatchback/5
Renault,Fluence,1.6 Icon,Sedan
Nissan,Micra,1.2 Desire,Hatchback/5
Nissan,Micra,1.2 Platinum,Hatchback/5
Honda,Civic,1.4 i S,Sedan
Audi,A3,A3 Sedan 30 TDI Dynamic,Sedan
Audi,A3,A3 Sportback 2.0 TDI Ambition,Hatchback/3
Nissan,Note,1.6 Tekna,Hatchback/5
Audi,A3,A3 Sedan 30 TFSI Dynamic,Sedan
Nissan,Primera,1.6 Tekna Plus,Sedan
Peugeot,508,1.6 BlueHDi Active,Sedan
Nissan,Primera,1.6 GX,Sedan
Mercedes - Benz,S,S 320 320 L,Sedan
MG,MG4,Bilinmiyor,Hatchback/5
Nissan,Pulsar,1.2 N-Tec,Hatchback/5
Peugeot,206,1.4 HDi X-Design,Station wagon
Renault,Megane,1.6 Extreme,Sedan
Opel,Astra,1.3 CDTI Sport,Station wagon
Audi,A5,A5 Sportback 2.0 TDI Quattro Advanced,Hatchback/5
Fiat,Uno,1.4 ie Hobby,Hatchback/5
Audi,A5,A5 Coupe 2.0 TDI Quattro,Coupe
Audi,A5,A5 Sportback 2.0 TFSI Quattro,Hatchback/5
Fiat,Egea,1.0 Firefly Urban,Sedan
Mercedes - Benz,E,350 AMG,Coupe
Fiat,Uno,1.4 ie,Hatchback/5
Opel,Astra,1.3 CDTI Enjoy Plus,Sedan
Fiat,Panda,0.9 TwinAir Cross,Hatchback/5
Mercedes - Benz,C,C 180 Fascination,Sedan
Kia,Rio,1.25 CVVT Natty,Hatchback/5
Hyundai,Ioniq 6,Progressive,Sedan
Renault,Symbol,1.2 Authentique Edition,Sedan
Fiat,500 Ailesi,500L 1.4 PopStar,MPV
Opel,Astra,1.4 T Enjoy,Hatchback/5
Lada,Vega,1.5,Sedan
Opel,Insignia,1.4 T Edition Elegance,Sedan
Citroen,C4 X,1.2 PureTech Shine,Sedan
Volkswagen,VW CC,1.4 TSi Sportline,Coupe
Citroen,C4 Picasso,1.6 BlueHDi Intensive,MPV
Hyundai,i30,1.6 GDi Style Design Pack,Hatchback/5
Renault,Megane,1.6 Exception,Sedan
Opel,Insignia,1.6 Cosmo,Sedan
Citroen,C4,1.5 BlueHDi Feel Bold,SUV
Peugeot,307,1.6 Profil,Station wagon
BMW,3 Serisi,320d Edition Luxury Line,Sedan
Kia,Picanto,1.25 EX,Hatchback/5
Peugeot,206,1.4 HDi Feline,Hatchback/5
Peugeot,307,1.6 HDi Premium,Hatchback/5
Honda,Jazz,1.3 Elegance,Hatchback/5
Mercedes - Benz,C,C 200 Kompressor Classic,Sedan
BMW,4 Serisi,418i Gran Coupe Luxury Line,Sedan
Fiat,Egea,1.6 Multijet Urban,Station wagon
Seat,Altea,1.6 TDI Style XL,MPV
Hyundai,i20 Troy,1.4 CVVT Team,Hatchback/5
Suzuki,Swift,1.3 GLX,Hatchback/5
Toyota,Verso,1.6 D-4D Premium Navi,MPV
Fiat,Uno,1.4 ie S,Hatchback/5
Hyundai,Getz,1.5 CRDi VGT Start,Hatchback/5
Opel,Insignia,2.0 CDTI Edition,Sedan
Kia,Rio,1.4 CVVT Fancy,Sedan
Renault,Clio,1.4 Expression,Sedan
Skoda,Octavia,1.6 Ambiente Optimal,Hatchback/5
Seat,Ibiza,1.6 Signo,Hatchback/5
Skoda,Felicia,1.3 GLX,Hatchback/5
BMW,1 Serisi,118i Urban Line,Hatchback/5
Hyundai,Ioniq 6,1.6 GDI Hybrid Progressive,Sedan
Audi,A6,A6 Avant 40 TDI Quattro Sport,Station wagon
Peugeot,208,1.4 HDi Access,Hatchback/5
BMW,2 Serisi,218i Sport Line,Cabrio
Fiat,Linea,1.4 Turbo Dynamic Plus,Sedan
BMW,3 Serisi,318i M Joy,Sedan
BMW,1 Serisi,116i M Sport,Hatchback/3
Renault,Latitude,1.5 dCi Executive,Sedan
Citroen,C3,1.6 SX,Hatchback/5
Citroen,C5,2.0 HDi Dynamique,Sedan
Peugeot,208,1.5 BlueHDi Active,Hatchback/5
Peugeot,301,1.5 BlueHDI Allure,Sedan
Renault,Megane,1.5 dCi Dynamique,Hatchback/3
Peugeot,308,1.5 BlueHDI Style,Hatchback/5
Peugeot,508,1.5 BlueHDI Prime,Sedan
Kia,Rio,1.25 CVVT Concept,Hatchback/5
Hyundai,i20,1.4 MPI Style Design,Hatchback/5
Citroen,C4,1.2 PureTech Confort,Hatchback/5
Peugeot,308,1.2 PureTech Style,Hatchback/5
Citroen,Saxo,1.5D SX,Hatchback/5
BMW,3 Serisi,320d Luxury,Coupe
Hyundai,i10,1.0 MPI Jump,Hatchback/5
Mercedes - Benz,E,250 CGI BlueEFFICIENCY Elegance,Coupe
Opel,Vectra,1.8 CD,Sedan
Renault,Symbol,1.4 Extreme,Sedan
Peugeot,308,1.2 PureTech Active,Hatchback/5
Renault,Austral,1.3 Hybrid Techno,SUV
Peugeot,208,1.6 HDi Active,Hatchback/5
Opel,Astra,1.6 GTC Sport,Hatchback/3
Peugeot,206,1.4 HDi Comfort,Hatchback/5
Mercedes - Benz,A,A 180 CDI BlueEfficiency Style,Hatchback/5
Fiat,Bravo,1.6 Mjet Sports Style,Hatchback/5
BMW,3 Serisi,316i Standart,Station wagon
BMW,3 Serisi,320d xDrive M Sport,Station wagon
Peugeot,308,1.6 BlueHdi Active,Hatchback/5
Renault,Megane,1.4 Authentique,Hatchback/3
Mercedes - Benz,CL,55 AMG,Coupe
Renault,Megane,1.5 dCi Expression,Hatchback/5
Opel,Corsa,1.3 CDTI Cosmo,Hatchback/5
BMW,3 Serisi,320d xDrive 40th Year Edition,Sedan
Renault,Fluence,1.6 Touch Plus,Sedan
Kia,Rio,1.5 CRDi EX Advance,Hatchback/5
Dacia,Logan,1.2 Ambiance,Station wagon
Kia,Rio,1.4 CVVT Elegance Tekno,Hatchback/5
BMW,1 Serisi,120d,Hatchback/5
Peugeot,208,1.2 PureTech Allure,Hatchback/5
Renault,Clio,1.4 RN,Hatchback/5
Renault,Megane,1.6 RTE,Sedan
Renault,Megane,2.0 RXE,Sedan
Renault,Clio,1.4 RXT,Hatchback/5
Opel,Corsa,1.2 Elegance,Hatchback/5
Peugeot,508,1.6 e-HDi Active,Sedan
BMW,3 Serisi,320i Coupe,Coupe
Mercedes - Benz,200,E,Sedan
Peugeot,308,1.2 PureTech Style Tech,Hatchback/5
Mercedes - Benz,C,C 180 Elegance,Sedan
Opel,Corsa,1.2 Elegance,Sedan
Opel,Insignia,1.5 d Elegance,Sedan
Renault,Clio,1.2 Touch,Hatchback/5
Mercedes - Benz,C,C 180 BlueEFFICIENCY Elegance,Sedan
Fiat,Punto,1.4 Dynamic,Hatchback/3
Mercedes - Benz,C,C 180 BlueEFFICIENCY Avantgarde,Sedan
BMW,4 Serisi,420i Gran Coupe 50th Year M Edition,Coupe
Opel,Insignia,1.6 CDTI Business,Sedan
Kia,Sportage,1.6 CRDI Hibrit Prestige,SUV
Fiat,Egea,1.4 Fire Limited,SUV
Hyundai,Getz,1.5 CRDi Comfort Plus,Hatchback/5
Opel,Insignia,1.5 T Grand Sport Enjoy,Hatchback/5
BMW,3 Serisi,318d Sport Plus,Sedan
Ford,Focus,1.6 Ti-VCT Collection,Sedan
Opel,Insignia,1.6 T Edition,Sedan
Ford,Focus,1.6 Ti-VCT Titanium X,Sedan
Mercedes - Benz,C,C 180 BlueEFFICIENCY AMG,Coupe
Mercedes - Benz,E,250 CGI AMG Premium,Sedan
Ford,Mondeo,2.0 TDCi Selective,Sedan
Toyota,Corolla,1.5 Vision Plus,Sedan
Renault,Megane,1.6 Dynamique,Hatchback/3
Mercedes - Benz,B,B 180 CDI BlueEFFICIENCY Urban,MPV
Citroen,C4 X,1.2 PureTech Max,Sedan
Opel,Meriva,1.3 CDTI Enjoy,MPV
Peugeot,306,1.8 XR,Hatchback/5
Renault,Clio,0.9 TCe Sport Tourer Icon,Station wagon
Ford,Focus,1.6 TDCi Titanium X,Hatchback/5
Fiat,500 Ailesi,500L 1.4 Cross Plus,MPV
Dacia,Sandero,1.6 Stepway,Hatchback/5
Opel,Corsa,1.3 CDTI Active,Hatchback/3
Opel,Vectra,2.0 GL,Sedan
Peugeot,106,XR,Hatchback/5
Dodge,Challenger,SXT Plus,Coupe
BMW,7 Serisi,730d xDrive Long M Sport,Sedan
Chevrolet,Aveo,1.3 D LS,Sedan
Mercedes - Benz,CLA,350 Edition 1 AMG,Sedan
Peugeot,306,1.6 Platinum,Hatchback/5
BMW,3 Serisi,318i M Plus,Sedan
Peugeot,206,1.4 HDi Panoramic,Hatchback/5
Peugeot,407,1.6 HDi Comfort,Sedan
BMW,4 Serisi,420d xDrive Gran Coupe Sport Line,Coupe
BMW,7 Serisi,730i M Sport,Sedan
BMW,2 Serisi,218i M Sport,Coupe
BMW,7 Serisi,740d xDrive Long M Excellence,Sedan
Renault,Megane,1.5 dCi Legend,Sedan
BMW,2 Serisi,218i Gran Tourer Gran Tourer,MPV
Opel,Vectra,2.0 CD,Station wagon
BMW,2 Serisi,220 Gran Coupe M Sport,Coupe
Dacia,Jogger,1.0 Eco-G Expression,Station wagon
Mercedes - Benz,E,200 Kompressor Elegance,Sedan
Opel,Astra,1.6 Sport,Hatchback/5
Porsche,Cayenne,3.2,SUV
Opel,Vectra,1.6 Comfort,Hatchback/5
Toyota,Yaris,1.33 Fun,Hatchback/5
Peugeot,3008,1.6 BlueHDi Allure Elegance,SUV
Chevrolet,Camaro,3.6,Coupe
Honda,Civic,1.4 i S,Hatchback/5
Citroen,C3 AirCross Elektrik,Max,SUV
Mercedes - Benz,E,200 d Avantgarde,Sedan
Fiat,500 Ailesi,500L 1.3 Mjet Pop,MPV
Mercedes - Benz,E,200,Sedan
Renault,Scenic,1.6 Dynamique,MPV
Opel,Corsa,1.4 Twinport Cosmo,Hatchback/5
BMW,4 Serisi,418i Gran Coupe Luxury Line,Coupe
Renault,Laguna,1.5 dCi Dynamique,Hatchback/5
Chevrolet,Cruze,1.6 WTCC Edition,Hatchback/5
Renault,Laguna,2.0 RXT,Hatchback/5
Mitsubishi,Colt,1.5 DI-D Invite,Hatchback/5
Peugeot,206+,1.4 Comfort,Hatchback/5
Kia,Stonic,1.0 T-GDI Prestige Plus,SUV
Renault,Captur,1.3 TCe Esprit Alpine,SUV
Renault,Symbol,1.2 Expression,Sedan
Subaru,XV,1.6 Xclusive,SUV
Peugeot,207,1.4 HDi Premium,Hatchback/5
Renault,Talisman,1.5 dCi Touch,Sedan
Mercedes - Benz,E,220 D Exclusive,Sedan
Mini,Cooper,1.5 Classic,Hatchback/3
Mini,Cooper,1.5 Chili,Hatchback/3
Daihatsu,Materia,1.5 Gold,Hatchback/5
BMW,1 Serisi,118i Standart,Hatchback/3
BMW,3 Serisi,316i Standart,Coupe
Dacia,Sandero Stepway,1.0 Tce Prestige,SUV
Mercedes - Benz,CLA,200 AMG+,Coupe
DS Automobiles,DS7 Crossback,1.5 BlueHDI Opera,SUV
Skoda,Octavia,1.6 TDI Elegance,Sedan
Fiat,Bravo,1.6 Mjet Easy,Hatchback/5
Renault,Clio,0.9 TCe Sport Tourer Touch,Hatchback/5
Volkswagen,Polo,1.4,Hatchback/5
BMW,X1,xDrive25e M Sport,SUV
BMW,3 Serisi,318is,Coupe
Peugeot,308,1.6 HDi Comfort Pack,Hatchback/5
Renault,Megane,1.4 RTA,Station wagon
Renault,Megane,1.2 TCe Touch,Sedan
Opel,Astra,1.4 GL,Hatchback/5
BMW,3 Serisi,320d M Sport,Cabrio
BMW,3 Serisi,320d Edition Sport Line,Sedan
Chevrolet,Lacetti,1.4 SX,Hatchback/5
Mercedes - Benz,CLK,CLK 200 Kompressor Avantgarde,-
Nissan,Qashqai,1.6 dCi Design Pack,SUV
Nissan,Almera,1.5 Luxury,Hatchback/5
Fiat,Bravo,1.6 Mjet Sport,Hatchback/5
Toyota,Auris,1.6 Premium,Station wagon
Opel,Astra,1.4 Club,Sedan
Nissan,Qashqai,1.3 DIG-T N-Design,SUV
Nissan,Note,1.4 Tekna,Hatchback/5
Bilinmiyor,Bilinmiyor,Bilinmiyor,Hatchback/5
Chevrolet,Spark,1.0 SE,Hatchback/5
Ford,Ka,1.3,Hatchback/3
BMW,5 Serisi,520d xDrive Prestige,Sedan
BMW,4 Serisi,420d xDrive M Sport,Coupe
Foton,Tunland G7,2.0 D Flagship,Hard top
Land Rover,Range Rover Sport,3.0 SDV6 Premium HSE,SUV
Renault,Symbol,1.5 dCi Extreme,Sedan
Chevrolet,Captiva,2.0 D LT High Sport,SUV
Renault,Clio,1.5 dCi Extreme,Station wagon
Chevrolet,Lacetti,1.6 SX,Station wagon
BMW,3 Serisi,320d xDrive Comfort,Sedan
BMW,3 Serisi,320d xDrive Modern Line,Sedan
BMW,3 Serisi,320d xDrive Edition Luxury Line,Sedan
Renault,Clio,1.5 dCi Dynamique,Hatchback/5
BMW,3 Serisi,320d xDrive GT Gran Tourismo,Hatchback/5
BMW,3 Serisi,320d xDrive GT M Sport,Hatchback/5
BMW,3 Serisi,320d xDrive GT Luxury,Hatchback/5
Peugeot,208,1.2 PureTech Prime Selection,Hatchback/5
Skoda,Fabia,1.4 Classic,Hatchback/5
Volvo,S90,2.0 D B5 Plus Dark,Sedan
Peugeot,508,1.6 Puretech GT,Sedan
Mini,Cooper Clubman,1.6,Station wagon
Volkswagen,Jetta,1.2 TSi BlueMotion Highline,Sedan
Skoda,Octavia,1.6 TDI Elegance CR,Sedan
Peugeot,308,1.5 BlueHDI Style Tech,Hatchback/5
Volkswagen,Polo,1.4,Hatchback/3
Fiat,Egea,1.6 Multijet S-Design,Station wagon
Citroen,C-Elysée,1.6 VTi Exclusive,Sedan
Skoda,Karoq,1.5 TSI Prestige,SUV
Kia,Stonic,1.0 T-GDI Elegance,SUV
Mini,Countryman,1.6 Türkiye Paketi,SUV
BMW,5 Serisi,520d xDrive Sport Line,Sedan
BMW,3 Serisi,320i Executive M Sport,Sedan
Citroen,C4 Grand Picasso,1.6 e-HDi Intensive,MPV
Opel,Astra,1.4 Classic,Sedan
Fiat,Egea,1.0 Firefly Lounge,Hatchback/5
BMW,3 Serisi,320i Cabrio,-
MG,MG4,Luxury,Hatchback/5
Opel,Astra,1.6 CDTI OPC Line Sport,Hatchback/5
Fiat,Egea,1.6 Multijet Lounge Plus,Station wagon
Mercedes - Benz,E,250 CGI AMG Premium,Coupe
Renault,Symbol,1.4 Dynamique,Sedan
Nissan,Note,1.5 dCi Visia,Hatchback/5
Volkswagen,Jetta,1.4 TSi BlueMotion Trendline,Sedan
Renault,Twingo,1.2 Base,Hatchback/3
Renault,Latitude,2.0 dCi Privilege,Sedan
Renault,Clio,1.6 Grandtour Night & Day,Station wagon
Toyota,Hilux,2.5 D-4D 4x2 Adventure,Hard top
Renault,Fluence,1.6 Business,Sedan
Toyota,Corolla,1.6 Comfort Extra,Sedan
Renault,Megane,1.6 Expression,Hatchback/5
Renault,R 9,1.4 Broadway RL,Sedan
Ford,B-Max,1.4 Titanium,MPV
Opel,Grandland,1.2 Turbo Hybrid GS,SUV
Skoda,Fabia,1.4 Comfort,Sedan
Opel,Vectra,1.9 CDTI Comfort,Sedan
Renault,Clio,1.2 Joy Plus,Hatchback/5
Peugeot,206,1.4 HDi Fever,Hatchback/5
Renault,Clio,1.4 RT,Hatchback/5
Renault,Fluence,1.5 dCi Elegance,Sedan
Volkswagen,Jetta,1.6 FSi Midline,Sedan
Renault,Clio,1.5 dCi Extreme,Sedan
Fiat,Egea,1.6 Multijet Mirror,Station wagon
BMW,3 Serisi,320i ED Sport Plus,Sedan
Fiat,Linea,1.4 Turbo Emotion,Sedan
Opel,Astra,1.6 Elegance,Hatchback/5
BMW,3 Serisi,320i ED Edition,Sedan
Seat,Leon,1.5 eTSI FR,Hatchback/5
Maserati,Ghibli,3.0,Sedan
Skoda,Fabia,1.4 TDI Classic,Sedan
Skoda,Fabia,1.4 TDI Classic,Hatchback/5
Renault,Clio,1.5 dCi Grandtour Executive,Station wagon
Peugeot,206+,1.4 HDi Envy,Hatchback/5
Chevrolet,Lacetti,1.4 WTCC,Hatchback/5
Mitsubishi,Carisma,1.8 GDI LX,Sedan
Chevrolet,Spark,1.0 SX,Hatchback/5
Opel,Astra,1.6 Enjoy Elegance,Sedan
Renault,Fluence,1.6 Touch,Sedan
Fiat,Panda,1.0 Hybrid Urban,Hatchback/5
Renault,Symbol,0.9 Turbo Touch,Sedan
Renault,Laguna,1.6 RXE,Hatchback/5
Fiat,Punto,Grande 1.4 Starjet Fun,Hatchback/3
Renault,R 11,Flash S,Hatchback/5
Kia,Rio,1.0 TGDI Prestige,Hatchback/5
Renault,Megane,1.5 dCi Sport Edition,Hatchback/5
Citroen,C4,1.6 HDi VTRPK,MPV
Volkswagen,Passat,1.9 TDi Exclusive,Sedan
Renault,Symbol,0.9 Joy,Sedan
Fiat,Stilo,1.6 Active,Hatchback/5
Fiat,Tempra,1.6 ie SLX,Station wagon
Renault,Megane,1.6 Grandtour Dynamique,Sedan
BMW,5 Serisi,530i xDrive Executive M Sport,Sedan
BMW,3 Serisi,328i Standart,Sedan
Fiat,Linea,1.6 Multijet Active Plus,Station wagon
BMW,5 Serisi,525d xDrive Luxury,Sedan
Renault,Modus,1.4 Dynamique,MPV
BMW,7 Serisi,740d xDrive Exclusive,Sedan
Fiat,Punto,1.2,Hatchback/5
Ford,C-Max,1.6 TDCi Titanium,Hatchback/5
Citroen,C4,1.6 SX,Sedan
Opel,Insignia,1.6 CDTI Elite,Sedan
Ford,C-Max,1.6 Ghia,MPV
BMW,4 Serisi,418i Sport Line,Coupe
Citroen,C4 Picasso,1.6 HDi VTR PK,MPV
Fiat,Linea,1.6 Multijet Emotion,Sedan
Renault,Symbol,1.5 dCi Authentique Edition,Sedan
Mercedes - Benz,A,A 180 Urban,Hatchback/5
Ford,Fiesta,1.6 Ti-VCT Titanium,Hatchback/5
BMW,5 Serisi,520d Dynamic,Sedan
BMW,5 Serisi,520d Executive M Sport,Sedan
Fiat,Punto,EVO 1.3 Multijet Active,Hatchback/3
Citroen,C5,2.0 SX,Sedan
Ford,Focus,1.0 GTDi Titanium,Sedan
Renault,Clio,1.4 Alize,Sedan
Ford,Focus,1.5 EcoBlue Titanium,Hatchback/5
Hyundai,Elantra,1.6 CRDi Style,Sedan
Seat,Ibiza,1.0 EcoTSI Style,Station wagon
Fiat,Egea,1.6 Multijet Street,SUV
Mercedes - Benz,B,B 180 CDI BlueEFFICIENCY AMG,MPV
Opel,Insignia,1.6 CDTI 120.Yıl,Hatchback/5
Ford,Focus,1.5 TDCi Active X,Station wagon
Skoda,SuperB,1.5 TSI Premium,Coupe
Ford,Focus,1.5 TDCi ST Line,Hatchback/5
Citroen,e-C4 X,Shine Bold,Sedan
Citroen,C1,1.4 HDi SX,Hatchback/5
Citroen,C1,1.0 SX,Hatchback/5
Renault,Megane,1.5 dCi Expression,Hatchback/3
Citroen,C2,1.6 VTR,Hatchback/3
Renault,Megane,1.5 dCi Business,Hatchback/5
BMW,5 Serisi,520d xDrive Executive M,Sedan
Renault,Megane,1.5 dCi GT-Line,Coupe
Fiat,Panda,0.9 TwinAir S&S,Hatchback/5
Renault,Megane,1.5 dCi Touchrome,Hatchback/5
Peugeot,307,1.6 XS,Hatchback/3
Seat,Leon,1.6 TDI FR,Hatchback/5
Seat,Leon,1.6 TDI CR Style,Coupe
Ford,Ranger,2.5 TDCi XLT,SUV
BMW,4 Serisi,420i Gran Coupe 50th Year M Edition,Hatchback/5
BMW,4 Serisi,420d Gran Coupe Luxury Line,Coupe
BMW,4 Serisi,420i Gran Coupe M Sport,Sedan
BMW,4 Serisi,418i Gran Coupe Pure,Coupe
BMW,4 Serisi,420d Gran Coupe Gran Coupe,Coupe
Ford,Mondeo,1.5 Ecoboost Titanium,Sedan
Renault,Megane,1.9 DTi RTE,Sedan
BMW,4 Serisi,420d xDrive Gran Coupe Ultimate M Sport,Coupe
BMW,4 Serisi,430i xDrive Gran Coupe M Sport,Coupe
Seat,Leon,1.0 TSI Style,Hatchback/5
BMW,4 Serisi,418i Gran Coupe Sport Line,Sedan
BMW,4 Serisi,418i Gran Coupe M Sport,Sedan
Seat,Leon,1.5 EcoTSI Xcellence,Hatchback/5
BMW,4 Serisi,418i Sport Plus,Coupe
Geely,Emgrand,1.5 GSL Premium,Sedan
Peugeot,508,1.6 THP Active,Sedan
Peugeot,207,1.6 HDi Trendy,Station wagon
BMW,5 Serisi,520d Executive Luxury Line,Sedan
Peugeot,307,1.6 HDi Comfort,Station wagon
Daihatsu,Sirion,1.0,Hatchback/5
Dodge,Magnum,6.1,Station wagon
Dacia,Solenza,1.4 Rapsodie,Sedan
Seat,Leon,1.6 TDI Sport Tourer Style,Station wagon
Honda,Accord,2.0 Sport,Sedan
Renault,Scenic,1.5 dCi Icon,MPV
Mercedes - Benz,CLS,350 CDI AMG,Coupe
Peugeot,207,1.4 Comfort,Hatchback/5
BMW,5 Serisi,520d Prestige,Sedan
BMW,5 Serisi,520d Sport Line,Sedan
Renault,Clio,1.5 dCi Alize,Hatchback/3
Citroen,C4,1.2 PureTech Exclusive,Hatchback/5
Citroen,C4,2.0 VTS,Coupe
Hyundai,i20,1.4 MPI Elite,Sedan
Hyundai,i20 Troy,1.4 CRDi Start,Hatchback/5
Citroen,C3,1.6 HDi Exclusive,Hatchback/5
Peugeot,508,1.6 e-HDi Allure,Sedan
Peugeot,208,1.0 VTi Access,Hatchback/5
Peugeot,107,1.0 Trendy,Hatchback/5
Seat,Toledo,1.6 Signo Plus,Sedan
Skoda,Fabia,1.4 Comfort,Hatchback/5
Seat,Toledo,1.6 Reference,Hatchback/5
Skoda,Fabia,1.6 TDI Scout,Station wagon
Skoda,Fabia,1.2 Optimal,Hatchback/5
Peugeot,208,1.2 PureTech Access,Hatchback/5
Tofaş,Şahin,1.4 ie,Sedan
Opel,Astra,1.4 T Sport Elegance,Sedan
Renault,Clio,1.0 TCe RS Line,Hatchback/5
Opel,Astra,1.6 GL,Sedan
Opel,Astra,1.6 Comfort,Sedan
Ford,Focus,1.6 TDCi Titanium X,Sedan
BMW,5 Serisi,525d xDrive M Sport,Station wagon
Chevrolet,Lacetti,1.6 CDX,Sedan
Skoda,SuperB,1.5 TSI Comfort Plus,Sedan
Seat,Altea,1.6 Reference,MPV
Hyundai,Accent,1.5 GLS,Hatchback/3
Renault,Twingo,1.5,Hatchback/5
Renault,Symbol,1.5 dCi Expression Plus,Sedan
Fiat,Tipo,1.6 ie,Hatchback/5
Citroen,C4,1.6 THP Exclusive,Hatchback/5
Dacia,Logan,1.5 dCi MCV Black Line,Station wagon
Porsche,Panamera,4S,Hatchback/5
Kia,Rio,1.4 CVVT Concept,Hatchback/5
Kia,Rio,1.4 CVVT Cool,Station wagon
Skoda,Felicia,1.3 LX,Hatchback/5
Renault,Talisman,1.3 Tce Icon,Sedan
Renault,R 11,GTD,Hatchback/5
Peugeot,208,1.6 BlueHDi Active,Hatchback/5
Hyundai,Accent Era,1.6 Team,Sedan
BMW,5 Serisi,520i M Sport,Station wagon
Kia,Rio,1.5 Comfort,Sedan
Porsche,Boxster,Bilinmiyor,Roadster
Seat,Ibiza,1.6 TDI CR Style,Hatchback/5
Hyundai,Elantra,1.6 D-CVVT Mode,Sedan
Citroen,C4,1.4 VTi Easy,Hatchback/5
Fiat,Egea,1.4 Fire Lounge Plus,Sedan
Fiat,Bravo,1.6 Mjet Active,Hatchback/5
Seat,Leon,1.5 eTSI Xcellence,Hatchback/5
Seat,Leon,1.0 EcoTSI Ecomotive Style,Hatchback/5
Volkswagen,Passat,1.6 TDi Comfortline,Sedan
Skoda,Octavia,1.6 FSI Elegance,Station wagon
Hyundai,i10,1.2 D-CVVT Go Special Edition,Hatchback/5
Renault,Megane,2.0 RXT,Sedan
Hyundai,Elantra,1.6 D-CVVT Style Design Pack,Sedan
Hyundai,Excel,1.5 GLS,Sedan
Hyundai,Getz,1.5 CRDi GL Cool,Hatchback/3
Honda,Civic,1.6i DTEC Sport,Hatchback/5
Hyundai,Elantra,1.6 MPI Elite Plus,Sedan
Fiat,Bravo,1.4 T-Jet Dynamic,Hatchback/5
Seat,Cordoba,1.4 TDI S-Rider,Sedan
BMW,7 Serisi,730d xDrive M Sport,Sedan
Seat,Ibiza,1.2 TSI Reference,Hatchback/5
Renault,Clio,1.6 RTE,Hatchback/3
Seat,Leon,1.6 Reference,Hatchback/5
Citroen,C4 Picasso,1.6 HDi Exclusive,MPV
Suzuki,Vitara,1.4 Boosterjet GLX,SUV
Renault,Clio,1.5 BlueDCI Icon,Hatchback/5
Skoda,Octavia,1.6 TDI Elegance CR,Station wagon
Seat,Leon,1.0 eTSI Style,Hatchback/5
BMW,5 Serisi,520i Business,Sedan
Renault,Clio,1.4 Privilege,Hatchback/5
Seat,Leon,1.6 Signo,Hatchback/5
Nissan,Primera,1.6 Tekna,Sedan
Jaguar,X-Type,2.0 D Executive,Sedan
Renault,Megane,1.4,-
Volvo,S80,1.6 D Premium,Sedan
Kia,Cerato,1.6 CRDi Prestige,Sedan
Kia,Cerato,1.6 MPI Prestige,Sedan
Kia,Cerato,1.6 CRDi Comfort,Sedan
Kia,Rio,1.3 Trend,Sedan
Seat,Ibiza,1.4 Sport Tourer Style,Station wagon
Kia,Rio,1.25 CVVT Cool,Hatchback/5
Skoda,Fabia,1.4 TDI Comfort,Hatchback/5
Seat,Ibiza,1.2 Reference,Hatchback/5
Skoda,Fabia,1.2 Ambiente Dynamic,Hatchback/5
Mazda,Premacy,2.0 DITD,MPV
Renault,Symbol,1.5 dCi BlueDCI Joy,Sedan
Lada,Vega,1.5,Hatchback/5
Renault,Megane,1.6 Dynamique,Station wagon
Lancia,Delta,1.6 MJet,Station wagon
Citroen,C4 X,1.5 BlueHDi Shine Bold,SUV
Maserati,GranTurismo,4.2,Coupe
Mini,Cooper,1.6,Hatchback/3
Skoda,Fabia,1.4 Ambiente Dynamic,Hatchback/5
Renault,Laguna,1.9 dCi Privilege,Hatchback/5
Skoda,Favorit,135 L,Hatchback/5
Mini,Cooper Clubman,1.6 S,Station wagon
Mini,Cooper Clubman,1.5,Station wagon
Skoda,Felicia,1.3 GLXi,Hatchback/5
Citroen,C5,2.0 HDi SX,Sedan
Fiat,Tempra,2.0 ie,Sedan
Mitsubishi,Space Star,1.3,MPV
Skoda,Fabia,1.2 Classic,Hatchback/5
Skoda,SuperB,1.5 TSI Laurin&Klement Crystal,Sedan
Seat,Leon,1.6 Stylance,Hatchback/5
Hyundai,i20 Troy,1.4 CVVT Prime,Hatchback/5
Seat,Leon,1.4 EcoTSI Xcellence,Hatchback/5
Seat,Leon,1.4 TSI Stylance,Hatchback/5
Hyundai,i30,1.6 CVVT Select,Hatchback/5
Skoda,Rapid,1.2 Ambition,Sedan
Hyundai,i30,1.6 CRDi Style Design Pack,Hatchback/5
Hyundai,i30,1.6 CRDi Prime,Hatchback/5
Hyundai,i30,1.6 CRDi Select,Hatchback/5
Skoda,Roomster,1.4 TDI Style,MPV
Hyundai,ix20,1.6 Prime,MPV
Skoda,Rapid,1.4 TDI Spaceback Style,Hatchback/5
Porsche,Taycan,Bilinmiyor,Coupe
Seat,Cordoba,1.6 Signo,Sedan
Renault,Megane,1.5 dCi Dynamique,Station wagon
BMW,Z Serisi,Z4 2.0i sDrive,Cabrio
Skoda,Octavia,1.6 TDI Ambiente,Hatchback/5
Seat,Leon,1.0 EcoTSI Ecomotive Style Visio,Hatchback/5
Suzuki,SX4,GL,Hatchback/5
Ford,Fiesta,1.4 Trend,Hatchback/5
Skoda,Octavia,1.4 TSI Ambition Optimal,Hatchback/5
Ford,Fiesta,1.4 Comfort,Hatchback/3
Skoda,Octavia,1.4 TSI Sport,Hatchback/5
BMW,5 Serisi,528i xDrive Comfort,Sedan
BMW,5 Serisi,530i xDrive Executive M Sport,Coupe
Renault,R 11,Flash,Hatchback/5
Chrysler,Stratus,2.0 LE,Sedan
Skoda,Octavia,1.6 TDI Active,Hatchback/5
Skoda,Octavia,1.2 TSI Optimal,Hatchback/5
Nissan,Sunny,1.6 EX,Sedan
Skoda,Rapid,1.2 TSI Spaceback Style,Hatchback/5
Skoda,Rapid,1.4 TDI GreenTec Style,Sedan
Suzuki,Baleno,1.2,Hatchback/5
Suzuki,Swift,1.2 Hibrit GL,Hatchback/5
Citroen,C1,1.0 Confort,Hatchback/5
Skoda,SuperB,1.5 TSI Premium,Station wagon
Toyota,Corolla,1.6 GLi,Sedan
Fiat,Punto,EVO 1.4 Multiair Dynamic,Hatchback/5
Toyota,Corolla,1.6 Linea Sol,Hatchback/5
DS Automobiles,DS4,1.6 e-HDi D-Sport,Hatchback/5
Seat,Ibiza,1.0 EcoTSI FR,Coupe
Chrysler,Concorde,3.5,Sedan
Renault,Modus,1.5 dCi Authentique,MPV
Skoda,SuperB,2.0 TDI Laurin&Klement,Sedan
Suzuki,Swift,1.2 GL,Hatchback/5
Skoda,Fabia,1.0 TSI Elite,Hatchback/5
Skoda,Fabia,1.2 Ambiente,Hatchback/5
Skoda,SuperB,1.9 TDI Elegance,Sedan
Citroen,C5,2.2 HDi SX,Sedan
Opel,Astra,1.4 T Business,Sedan
Fiat,Linea,1.4 Turbo Emotion Plus,Sedan
Seat,Ibiza,1.4 Stella,Hatchback/5
Renault,Clio,1.6 Dynamique,Hatchback/5
Hyundai,Accent Blue,1.4 D-CVVT Mode,Sedan
Suzuki,Grand Vitara,1.6 JX-A,SUV
Citroen,Xsara,1.6 SX,Coupe
Citroen,Xsara,1.6 SX,Hatchback/5
Seat,Leon,1.6 TDI Copa Plus,Hatchback/5
BMW,5 Serisi,525 xDrive Touring Comfort,Station wagon
BMW,5 Serisi,525d Standart,Sedan
Opel,Corsa,1.3 CDTI Silverline,Hatchback/3
Tesla,Model Y,Long Range AWD,Sedan
Tesla,Model Y,Standart Range,Bilinmiyor
Renault,Megane,1.6 Grandtour Dynamique,Hatchback/5
Suzuki,Swift,1.2 Hibrit GL Techno,Hatchback/5
Subaru,Impreza,1.5 Elegance,Hatchback/5
Citroen,C3,1.4 Comfort,Hatchback/5
Tofaş,Kartal,1.6 ie,Station wagon
Opel,Insignia,2.0 CDTI Edition Elegance,Sedan
Fiat,Linea,1.3 Multijet Mood,Sedan
Tesla,Model Y,Long Range AWD,SUV
Volvo,XC90,2.0 T8 Recharge Plus Dark,SUV
Renault,Megane,1.6 Privilege,Hatchback/5
Toyota,Corolla,1.6 Sol Plus,Hatchback/5
Fiat,Marea,2.0 HLX,Sedan
Opel,Insignia,1.6 CDTI Grand Sport Elite,Hatchback/5
Tofaş,Kartal,SLX ie,Station wagon
Renault,Fluence,1.6 Privilege,Sedan
Skoda,Yeti,1.6 TDI Active Greenline,SUV
Skoda,Forman,135 L,Station wagon
Opel,Corsa,1.2 Twinport Enjoy 111,Hatchback/5
Opel,Corsa,1.2 Twinport Enjoy,Hatchback/3
Opel,Vectra,1.6 Essentia,Sedan
Opel,Zafira,1.6 Enjoy,MPV
Skoda,Octavia,1.4 TSI Elegance,Hatchback/5
Opel,Meriva,1.3 CDTI Essentia,MPV
Seat,Toledo,1.6 TDI Style,Hatchback/5
Renault,Megane,1.5 dCi Play,Hatchback/5
Toyota,Avensis,1.6 Advance,Sedan
Toyota,Avensis,1.6 D-4D Advance,Sedan
Ford,Focus,1.0 GTDi Trend X,Hatchback/5
Opel,Insignia,1.4 T Edition,Sedan
BMW,5 Serisi,525d xDrive Executive Luxury Line,Sedan
BMW,5 Serisi,525d xDrive xDrive,Station wagon
Opel,Insignia,1.5 T Grand Sport Excellence,Hatchback/5
Renault,Fluence,1.6 Joy,Sedan
Renault,Clio,1.2 SportTourer Icon,Station wagon
Opel,Insignia,1.6 CDTI Exclusive Grand Sport,Hatchback/5
Skoda,Octavia,1.6 Tour,Hatchback/5
Opel,Insignia,1.6 CDTI Excellence,Hatchback/5
Skoda,Octavia,1.9 TDI Ambiente,Hatchback/5
Dacia,Jogger,1.0 TCe Expression,Station wagon
Fiat,Idea,1.3 Multijet Dynamic,MPV
Renault,Clio,1.2 TCE Expression,Hatchback/5
Audi,A1,1.4 TFSI Attraction,Hatchback/5
Toyota,Corolla,1.4 D-4D Plusline,Hatchback/5
Fiat,Panda,1.3 Mjet S&S 4x4 Cross,Hatchback/5
Skoda,Rapid,1.4 TDI GreenTec Style,Hatchback/5
BMW,5 Serisi,530d Comfort,Sedan
Seat,Ibiza,1.4 Signo,Hatchback/5
Toyota,Corolla,1.8 Hybrid Flame,Sedan
BMW,5 Serisi,530d Exclusive,Sedan
Skoda,Rapid,1.6 TDI Spaceback Style,Hatchback/5
Toyota,Corolla,1.8 Hybrid Dream,Hatchback/5
Fiat,Marea,1.6 SX,Station wagon
Volkswagen,Arteon,1.5 TSI Elegance,Hatchback/5
Skoda,Fabia,1.4 TDI Ambiente,Hatchback/5
Toyota,Yaris,1.33 Terra,Hatchback/5
Renault,Megane E-Tech,Iconic,Hatchback/5
Rover,414,Si,Sedan
Fiat,Palio,1.3 Multijet Active,Hatchback/3
Toyota,Avensis,1.6 D-4D Premium Plus,Sedan
Toyota,C-HR,1.8 Hybrid Flame,SUV
Toyota,Avensis,1.6 D-4D Premium,Station wagon
BMW,5 Serisi,530xd Gran Turismo Premium,Hatchback/5
Opel,Insignia,1.6 CDTI Enjoy,Hatchback/5
BMW,7 Serisi,730d Long Exclusive,Sedan
BMW,6 Serisi,645Ci,Coupe
BMW,5 Serisi,535d xDrive M Sport,Sedan
Volkswagen,Golf,1.0 TSi Highline,Hatchback/5
Fiat,Palio,1.3 Multijet SL,Hatchback/3
Dacia,Logan,1.6 Prestige,Sedan
Fiat,Palio,1.4 EL Weekend,Hatchback/5
Fiat,Linea,1.6 Multijet Easy,Sedan
Chevrolet,Lacetti,1.4 SE,Sedan
Hyundai,Accent Era,1.5 CRDi Style,Sedan
Audi,A6,A6 Sedan 2.0 TDI,Station wagon
BMW,7 Serisi,750d xDrive Long Standart,Sedan
BMW,7 Serisi,740d xDrive M Sport,Sedan
Toyota,Yaris,1.4 D-4D Fun,Hatchback/5
Fiat,Marea,1.6 ELX,Station wagon
Volkswagen,Golf,1.6 TDi Highline,Hatchback/3
Fiat,Bravo,1.6 Mjet Dynamic,Hatchback/5
Fiat,Topolino,Bilinmiyor,Hatchback/3
Audi,A3,A3 Sedan 1.4 TFSI Ambiante,Sedan
Volkswagen,ID.7,Pro S,Sedan
Ford,B-Max,1.6 Trend,MPV
BMW,i Serisi,i7 xDrive60 M Excellence,Sedan
Volkswagen,Polo,1.6,Hatchback/5
Audi,A6,A6 Sedan 2.0 TFSI,Sedan
Ford,Focus,1.6 Ti-VCT Trend,Hatchback/5
Suzuki,Splash,1.2 GLS,Hatchback/5
BMW,3 Serisi,316Ci,Coupe
BMW,i Serisi,i7 xDrive60 Pure Excellence,Sedan
Renault,Megane,1.6 Touch,Sedan
Dacia,Sandero,1.0 Stepway,Hatchback/5
Fiat,Palio,1.4 HL,Hatchback/5
BMW,5 Serisi,525i Standart,Sedan
BMW,M Serisi,M3,Coupe
Chevrolet,Cruze,2.0 D LT,Hatchback/5
Seat,Ibiza,1.4 Elegance,Hatchback/5
Renault,Clio,1.3 TCe RS Line,Hatchback/5
Citroen,C3,1.6 BlueHDI Live,Hatchback/5
Volkswagen,Jetta,1.6 TDi Primeline,Sedan
Citroen,C3,1.2 PureTech Shine Business,Hatchback/5
Fiat,Punto,Grande 1.4 T-Jet Dynamic,Hatchback/3
Hyundai,Accent Era,1.5 CRDi-VGT Start,Sedan
Volkswagen,Jetta,1.6 TDi Exclusive,Sedan
Fiat,Punto,Grande 1.4 Fire Fun,Hatchback/5
Fiat,Panda,1.2 Climbing 4x4,Hatchback/5
Dacia,Jogger,1.0 TCe Seri Limite Extreme,MPV
Fiat,Punto,Grande 1.4 Starjet Dynamic,Hatchback/5
Suzuki,Swift,1.2 GLX,Hatchback/5
Cupra,Leon,1.5 eTSI VZ Line,Hatchback/5
Fiat,Punto,1.4 Urban S&S,Hatchback/5
BMW,7 Serisi,740d xDrive Standart,Sedan
BMW,7 Serisi,740i,Sedan
Dacia,Sandero,0.9 TCe Stepway Easy-R,Hatchback/3
Volkswagen,Polo,1.6 Comfortline Classic,Sedan
Volkswagen,Polo,1.0 Impression,Hatchback/5
Ford,Escort,1.6 Ghia,Sedan
Renault,Clio,1.5 dCi Executive,Hatchback/5
Volvo,V40 Cross Country,1.6 D Advance,Hatchback/5
Ford,Fiesta,1.0 EcoBoost Hybrid Titanium,Hatchback/5
BMW,5 Serisi,525i xDrive Standart,Sedan
BMW,5 Serisi,530i Executive M Sport,Sedan
Skoda,Octavia,1.6 Ambiente,Hatchback/5
Fiat,Stilo,1.4 Active,Hatchback/5
Ford,Escort,1.6 CL,Hatchback/5
BMW,7 Serisi,740d xDrive Long Pure Excellence,Sedan
BMW,7 Serisi,730d Long Individual Edition,Sedan
Renault,Clio,1.5 dCi Tom Tom Edition,Hatchback/5
Daihatsu,Cuore,1.0 Low Grade,Hatchback/5
Daewoo,Nubira,2.0 CDX,Hatchback/5
Volkswagen,Passat Variant,1.6 FSi Comfortline,Station wagon
Ford,C-Max,1.5 TDCi Trend,MPV
Ford,C-Max,1.6 TDCi Ghia,Hatchback/3
BMW,i Serisi,i5 eDrive 40 eDrive40,Sedan
Ford,C-Max,1.6 TDCi Titanium Grand,MPV
Ford,Fiesta,1.1 Trend X,Hatchback/5
Audi,A3,A3 Sportback 35 TFSI S-Tronic,Hatchback/5
Volkswagen,Bora,1.6 Primeline,Sedan
Mercedes - Benz,CLS,350 CDI BlueEFFICIENCY,Coupe
Mercedes - Benz,E,300 D Exclusive,Sedan
Mercedes - Benz,E,320 Avantgarde,Sedan
Renault,Megane E-Tech,Techno,SUV
Mercedes - Benz,SLK,200 Kompressor,Roadster
Fiat,Palio,1.3 Multijet Premio Sole,Hatchback/5
Opel,Astra,1.6 CDTI Black Edition,Hatchback/5
Renault,Clio,1.4,Sedan
BMW,Z Serisi,Z4 3.0i sDrive,Roadster
Toyota,Yaris,1.4 D-4D Sol,Hatchback/5
Citroen,C3 Picasso,1.6 HDi SX,Hatchback/5
Volkswagen,VW CC,1.4 TSi,Sedan
BMW,7 Serisi,730d xDrive Standart,Sedan
Dacia,Sandero,0.9 TCe Stepway Style,Hatchback/5
Fiat,Punto,Grande 1.3 Multijet Dynamic,Hatchback/3
Citroen,Xsara,1.4 HDi,Station wagon
Dacia,Sandero,1.4 Black Line,Hatchback/5
Ford,Kuga,1.5 EcoBlue Titanium,SUV
BMW,4 Serisi,420d xDrive Gran Coupe Luxury Line,Coupe
Audi,A6,A6 Avant 40 TDI Quattro Advanced,Station wagon
Ford,Focus,1.5 EcoBlue Active,Hatchback/5
Volkswagen,Passat,2.0 TDi Business,Sedan
Volkswagen,Bora,1.9 TDi Comfortline,Sedan
Honda,Civic,1.6 LS,Hatchback/5
Volkswagen,Passat,1.6 TDi BlueMotion Business,Sedan
Ford,Escort,1.6 Ghia,Hatchback/5
Volvo,S40,1.6 D,Sedan
Fiat,Panda,1.2 Active,Hatchback/5
Skoda,Octavia,1.2 TSI Ambition,Hatchback/5
Volkswagen,Polo,1.4 Trendline,Hatchback/3
Toyota,Yaris,1.0 Vision,Hatchback/5
Ford,Focus,1.6 Ti-VCT Collection,Hatchback/5
BMW,X3,20d xDrive 2.0d xDrive,SUV
BMW,X5,30d xDrive,SUV
Toyota,Yaris,1.3 Terra,Hatchback/5
Volkswagen,Passat,1.9 TDi Comfortline,Sedan
Ford,Escort,1.6 CLX,-
Volkswagen,VW CC,1.8 TFSi,Coupe
Ford,Fiesta,1.4 TDCi Sport,Hatchback/3
Volkswagen,Passat Variant,1.6 TDi Comfortline,Station wagon
Rover,414,Si,Hatchback/5
Volkswagen,Polo,1.0 TSi R-Line,Hatchback/5
Seat,Cordoba,1.4 TDI Elegance,Sedan
Fiat,Egea,1.4 Fire Urban,Coupe
Seat,Cordoba,1.4 Signo,Sedan
Ford,Escort,1.6 Classic,Sedan
Volkswagen,Polo,1.2 TDi Trendline,Station wagon
MG,ZS,1.0 T-GDI Luxury,SUV
Volvo,V40 Cross Country,1.6 D Premium,Hatchback/5
Skoda,Fabia,1.4 Ambiente,Hatchback/5
Seat,Leon,1.2 TSI Reference,Hatchback/5
Volvo,V60,1.6 D,Station wagon
Renault,Megane,1.0 TCe Joy,Sedan
Tata,Marina,1.4 TDI Comfort,Station wagon
Skoda,Roomster,1.2,MPV
Ford,Mondeo,1.6 Titanium,Hatchback/5
Ford,Mustang Mach-E,Extended Range,SUV
Volkswagen,Passat,1.6 Trendline,Station wagon
Audi,A3,A3 Hatchback 1.9 TDI Attraction,Hatchback/5
Volvo,V40,1.5 T3 R-Design,Hatchback/5
Ford,Focus,1.6 TDCi Comfort,Sedan
Jaecoo,J7,1.6 Revive,SUV
Ford,Fiesta,1.6 TDCi Titanium,Hatchback/5
Volkswagen,Golf,1.2 TSi Allstar,Hatchback/5
Seat,Leon,1.5 TSI FR,Hatchback/5
Alfa Romeo,Giulietta,1.6 JTD Sprint,Hatchback/5
Volkswagen,VW CC,2.0 TDi 2.0 TDI,Coupe
Ford,Ka,1.3 Collection,Hatchback/3
Volkswagen,Passat Variant,1.4 TSi BlueMotion Comfortline,Station wagon
Audi,Q8 E-Tron,S Line,SUV
Seat,Altea,1.6 TDI I-Tech XL,MPV
Smart,ForTwo,0.6,Coupe
BMW,iX1,M Sport,SUV
Citroen,C4,1.6 VTR,Coupe
Audi,A3,A3 Sportback 1.8 Ambiente,Hatchback/3
BMW,X3,20d xDrive Premium,SUV
Volvo,V40,1.5 T3 Inscription,Hatchback/5
Audi,A3,A3 Sportback 1.6 Ambiente,Sedan
Seat,Ibiza,1.0 EcoTSI Sport Coupe FR,Coupe
Audi,E-Tron,55 Quattro,SUV
Opel,Insignia,1.6 CDTI Design,Hatchback/5
Volvo,S60,2.0 B5 Inscription Plus,Sedan
Fiat,Palio,1.2 SL,Hatchback/3
Volvo,S60,1.6 T4,Sedan
Volvo,S60,2.0 B5 Plus Dark,Sedan
Citroen,C4,1.6 HDi VTRPK,Hatchback/5
BMW,X1,18i sDrive X Line,SUV
BMW,X1,20i sDrive X Line,SUV
BMW,X1,16i sDrive,SUV
Ford,Mondeo,1.5 Ecoboost Titanium,Station wagon
Fiat,Palio,1.6 HL,Station wagon
Renault,Megane,1.5 dCi Authentique,Station wagon
Honda,Accord,2.2 CTDi,Sedan
Suzuki,Swift,1.3 MT 4X2,Hatchback/5
Renault,Megane,1.5 dCi Extreme,Hatchback/5
Ford,Fusion,1.4 TDCi Comfort ASM,Hatchback/5
Ford,Focus,1.8 TDCi Comfort,Sedan
Audi,A3,A3 Sportback 1.6 TDI Sport Line,Sedan
Daewoo,Lanos,1.6 SX,Sedan
Volvo,S80,2.0 D Premium,Sedan
Toyota,Corolla,1.6 XL,Sedan
Toyota,Yaris,1.4 D-4D Terra,Hatchback/5
Toyota,Corolla,1.6 Plusline,Sedan
Toyota,Corolla,1.6 Terra,Hatchback/5
Toyota,Corolla,1.6 Linea Terra,Hatchback/5
Toyota,Corolla,1.6 Elegant,Sedan
Chery,Tiggo 8 Pro,1.6 TGDI Avantgarde,SUV
Audi,A4,A4 Avant 2.0 TDI Sport,Station wagon
Renault,R 11,Rainbow,Hatchback/5
Daihatsu,Copen,1.3,Roadster
Ford,Mondeo,1.5 Titanium,Hatchback/5
BMW,3 Serisi,320d xDrive Premium,Sedan
Ford,Mondeo,2.0 TDCi Titanium,Hatchback/5
Daihatsu,Sirion,1.3,Hatchback/5
Tofaş,Doğan,1.6 ie,Sedan
Ford,Fusion,1.6 Comfort,Hatchback/5
Renault,Modus,1.4 Authentique,MPV
Ford,Fusion,1.4 TDCi Collection,Hatchback/5
Renault,Scenic,1.5 dCi Dynamique,MPV
Renault,Scenic,1.5 dCi Exception,MPV
Toyota,Corolla,1.4 D-4D Sol,Hatchback/5
Toyota,Yaris,1.0 Terra,Hatchback/3
Hyundai,i30,1.6 CRDi Style,Station wagon
Dacia,Logan,1.2 Ambiance,Sedan
Renault,Megane,1.6 Coupe RXE,Coupe
Renault,Megane,1.6 dCi Icon,Sedan
Kia,Rio,1.4 EX Comfort,Hatchback/5
Ford,Scorpio,2.0 Ghia,Sedan
Chevrolet,Spark,1.2 LT,Hatchback/5
Citroen,AMİ,My Ami Peps,Coupe
Renault,Symbol,1.5 BlueDCI Joy,Sedan
Suzuki,Swift,1.2 Hibrit Life,Hatchback/5
Audi,A5,A5 Cabrio 2.0 TFSI,Sedan
Citroen,C3 Aircross,1.5 BlueHDI Feel,SUV
Citroen,C3 Aircross,1.2 Hybrid Max,SUV
Citroen,C3 Aircross,1.5 BlueHDI Feel Bold,SUV
Cupra,Formentor,1.5 e-TSI Mhev Supreme,SUV
Ford,Taunus,2.0 GTS,Sedan
Citroen,C4 Cactus,1.6 e-HDi Feel,Crossover
Honda,Civic,1.6i DTEC Comfort,Hatchback/5
Honda,Accord,1.8 LS,Hatchback/5
Toyota,Auris,1.4 D-4D Advance,Hatchback/5
Fiat,Palio,1.6 HL,Hatchback/3
BMW,1 Serisi,118i,Hatchback/5
Opel,Astra,1.4 T Excellence,Station wagon
Opel,Meriva,1.3 CDTI EcoFlex Cosmo,MPV
Fiat,Tipo,1.6 SX,Hatchback/3
Citroen,C5 Aircross,1.5 BlueHDI Feel Bold,SUV
Jaguar,F-Type,3.0 S,Coupe
Tofaş,Şahin,Şahin 5 Vites,Sedan
Renault,Clio,1.2 Grandtour Executive,Station wagon
Peugeot,306,1.6 Griffe,Hatchback/5
Audi,A7,45 TFSI,Coupe
TOGG,T10F,V2,Hatchback/5
Kia,Sephia,1.5 GTX,Sedan
BMW,2 Serisi,220d Standart,Coupe
Kia,Ceed,1.6 Motion,Hatchback/5
Toyota,Corolla,1.6 GL,Hatchback/5
Toyota,Corolla,1.6 Flame X Pack,Sedan
Renault,R 19,1.6 Europa RL,Hatchback/5
Honda,Accord,1.8 LS,Sedan
Toyota,Verso,1.6 Premium,Hatchback/5
Renault,Megane,1.5 dCi Dynamique,Coupe
Kia,Rio,1.4 CRDi Concept Plus,Hatchback/5
Toyota,Corolla,1.6 Sport VVT-i,Hatchback/5
Skoda,Octavia,1.6 TDI Style,Station wagon
Kia,Ceed,1.6 CRDi Premium SW,Station wagon
Daewoo,Tico,0.8 SX,Hatchback/5
Renault,R 19,1.4 RT,Hatchback/5
Toyota,Auris,1.4 D-4D Life,Hatchback/5
Toyota,Corolla,1.6 Terra Special,Sedan
Toyota,Auris,1.4 D-4D Active Skypack,Hatchback/5
Opel,Corsa,1.2 T Innovation,Hatchback/5
Opel,Astra,1.7 D GLS,Sedan
Opel,Vectra,2.0 GT,Sedan
Fiat,Albea,1.2 HL,Sedan
Toyota,Yaris,1.33 Style Skypack,Hatchback/5
Honda,Integra,1.8,Sedan
Honda,Jazz,1.5 Hybrid Elegance,Hatchback/5
Toyota,Corolla,1.6 XL,Hatchback/5
BMW,3 Serisi,320d Edition M Sport,Sedan
Fiat,Palio,1.2 S Weekend,Station wagon
Opel,Astra,1.7 CDTI Classic,Sedan
Mitsubishi,Space Star,1.2 MIVEC,Hatchback/5
Hyundai,Accent,1.5 GLX,Sedan
Volvo,XC70,2.4 D5 Premium Edition,SUV
Volkswagen,Scirocco,1.4 TSi Allstar,Coupe
Opel,Vectra,1.6 Design Edition,Sedan
Kia,Ceed,1.4 Cool,Hatchback/5
BMW,3 Serisi,320d xDrive M Sport,Coupe
Audi,TT,2.0 TFSI,Roadster
Opel,Grandland X,1.5 D EcoTEC Enjoy,SUV
Chevrolet,Lacetti,1.6 SE,Hatchback/5
Fiat,Egea,1.0 Firefly Lounge,Sedan
Fiat,Panda,0.9 TwinAir Pop,Hatchback/5
Mini,Cooper S,1.6,Hatchback/3
BMW,3 Serisi,325i Standart,Sedan
Toyota,Auris,1.6 Touch,Hatchback/5
Volkswagen,Tayron,1.5 e-TSI Life,SUV
Renault,Clio,1.5 dCi Fidji,Sedan
Toyota,Hilux,2.4 D-4D 4x4 Adventure,SUV
Opel,Zafira,1.6 CDTI Enjoy,MPV
BMW,4 Serisi,418d Gran Coupe Sport Plus,Coupe
Hyundai,Accent Blue,1.4 CVVT Biz,Sedan
Mercedes - Benz,E,250 CDI Elite Avantgarde,Sedan
BMW,3 Serisi,330i Standart,Sedan
BMW,4 Serisi,418i Gran Coupe Sport Plus,Coupe
Audi,A4,A4 Avant 2.0 TFSI Quattro,Station wagon
Opel,Astra,1.3 CDTI Enjoy Elegance,Sedan
Porsche,Cayman,Bilinmiyor,Coupe
Volvo,XC70,2.5 T,Crossover
Volvo,S60,1.5 T3 Premium,Sedan
Alfa Romeo,MiTo,1.4 T MultiAir,Hatchback/3
Hyundai,Accent,1.3 GLS,Hatchback/5
Volkswagen,Amarok,2.0 TDI Style,Pick-Up
Opel,Insignia,1.6 Cosmo Sports Tourer,Station wagon
Honda,Prelude,2.2 VTi,Coupe
Maserati,Quattroporte,3.0 D,Sedan
BMW,5 Serisi,520d xDrive Special Edition Luxury Line,Sedan
Maserati,GranTurismo,4.7 S,Coupe
Audi,A3,A3 Sportback 1.8 Attraction,Hatchback/3
Ford,Mondeo,1.6 Selective,Station wagon
Alfa Romeo,Giulietta,1.6 JTD Progression Plus,Hatchback/5
Chrysler,PT Cruiser,2.0 Limited,Hatchback/5
Opel,Insignia,1.6 CDTI Innovation,Hatchback/5
Audi,A4,A4 Avant 1.8 TFSI,Station wagon
Citroen,C4 Picasso,1.6 BlueHDi Shine,MPV
Renault,R 19,1.4 RN,Hatchback/5
Mini,Cooper S,1.6 Coupe,Coupe
Audi,A3,A3 Sedan 30 TFSI Design,Sedan
Dacia,Sandero Stepway,1.0 Tce Prestige,Hatchback/5
Citroen,C5,2.0 HDi SX PK,Sedan
Volkswagen,Passat,2.0 TDi Comfortline,Station wagon
Citroen,Xsara,Picasso 1.6 HDi,MPV
Dacia,Jogger,1.0 Eco-G Extreme,Station wagon
Opel,Insignia,2.0 CDTI Cosmo,Station wagon
Hyundai,Matrix,1.5 CRDi Team,MPV
BMW,5 Serisi,530i xDrive Executive Prestige,Sedan
Volkswagen,Passat,1.8 TSi Comfortline,Sedan
Hyundai,Accent,1.5 LX,Sedan
Kia,Picanto,1.1 EX,Hatchback/5
BMW,7 Serisi,730i Long M Excellence,Sedan
BMW,7 Serisi,740d,Sedan
DS Automobiles,DS7 Crossback,1.5 BlueHDI So Chic Opera,SUV
Toyota,Auris,1.4 D-4D Comfort Plus,Hatchback/5
Fiat,Punto,Grande 1.4 Starjet Dynamic,Hatchback/3
Renault,Clio,1.5 dCi GT Line,Hatchback/5
Chevrolet,Aveo,1.4 SE,Hatchback/3
Jeep,Renegade,1.3 Turbo Longitude,SUV
Kia,Rio,1.4 GSL Trend,Hatchback/5
Mercedes - Benz,C,C 180 BlueEFFICIENCY AMG,Station wagon
Toyota,Yaris,1.5 Hybrid Flame,Hatchback/5
Mini,Cooper,1.6 Cabrio,Cabrio
Mini,Cooper Clubman,1.5 Pepper,Station wagon
Mitsubishi,Space Star,1.8 GDI,MPV
Renault,Clio,1.5 dCi Icon,Station wagon
Mini,Cooper Clubman,1.5 Türkiye Paketi,Station wagon
Fiat,Palio,1.4 Fire Dynamic,Hatchback/5
Toyota,Yaris,1.5 Flame X-Pack,Hatchback/5
Honda,S2000,2.0 Vtec,Roadster
Nissan,Micra,1.3 Magic,Hatchback/5
Opel,Astra,1.6 Business,Sedan
Mercedes - Benz,C,C 200 BlueEFFICIENCY Avantgarde,Sedan
Hyundai,i20,1.4 CRDi Jump,Station wagon
Fiat,Palio,1.3 Multijet Dynamic,Hatchback/3
Toyota,Corolla,1.8 Hybrid Dream,Coupe
Peugeot,301,1.6 HDi Access,Sedan
Volkswagen,Passat,2.0 Comfortline,Sedan
Renault,Megane,1.6 Privilege,Station wagon
Mercedes - Benz,C,C 200 D Avantgarde,Sedan
Toyota,Corolla,1.5 Flame,Sedan
Volkswagen,Polo,1.6 TDi Highline,Hatchback/5
Opel,Astra,1.3 CDTI Enjoy 111.Yıl,Hatchback/5
GMC,Sierra,Bilinmiyor,SUV
Mitsubishi,L 200,4x2 Tornado,Hard top
Citroen,C3,1.4 HDi Collection,Hatchback/5
Skoda,Karoq,1.0 TSI Style,SUV
Skoda,Kodiaq,1.5 TSI Sportline,SUV
Fiat,Egea,1.3 Multijet Lounge,Hatchback/5
Alfa Romeo,156,1.6 TS Distinctive,Sedan
Volvo,S40,1.6 D Drive,Sedan
Mercedes - Benz,E,220 CDI BlueEFFICIENCY,Sedan
Audi,A8,3.0 TDI Quattro,Sedan
Alfa Romeo,Junior Ibrida,1.2 Ibrida,SUV
Alfa Romeo,Tonale,1.3 Hybrid Veloce,SUV
Audi,Q7,45 TFSI Quattro,SUV
Aston Martin,Vantage,V8 Vantage,Coupe
Citroen,C3,1.6 Pluriel,-
Alfa Romeo,Giulietta,1.6 JTD Progression,Hatchback/5
Audi,Q3,35 TFSI S Line,SUV
Citroen,C4,1.2 PureTech Feel Bold,Hatchback/5
BMW,X1,20d xDrive X Line,SUV
Opel,Astra,1.6 CDTI Cosmo,Sedan
Seat,Leon,1.6 Style,Hatchback/5
BMW,X1,20d xDrive M Sport,SUV
Hyundai,i20,1.2 D-CVVT Elite,Hatchback/5
BMW,X5,40d xDrive,SUV
Toyota,Corolla,1.8 Hybrid Vision,Sedan
Alfa Romeo,156,1.6 TS,Sedan
Renault,Megane,1.4 T Impressor,Hatchback/5
Alfa Romeo,147,1.6 TS Distinctive,Hatchback/5
Volkswagen,Golf,1.6 Comfortline,Hatchback/3
Chery,Omoda 5 Pro,1.6 T-GDI Exceptional,SUV
Jaguar,XF,3.0 Luxury,Sedan
Volkswagen,Golf,1.6 Pacific,Hatchback/5
Mercedes - Benz,E,250 CDI Premium,Sedan
Chevrolet,Captiva,2.0 D LT Sport,SUV
Ford,EcoSport,1.5 TDCI ST Line,SUV
Toyota,Auris,1.6 Advance,Hatchback/5
Renault,Laguna,1.5 dCi Expression,Hatchback/5
Volkswagen,Touran,1.4 TSi Comfortline,MPV
Toyota,Auris,1.4 D-4D Touch,Hatchback/5
Audi,A1,1.4 TFSI Ambition,Hatchback/5
Kia,Ceed,1.6 CRDi Concept Plus SW,Station wagon
Citroen,C4 Cactus,1.6 e-HDi Shine,Crossover
Volkswagen,Jetta,1.6 Midline,Sedan
Kia,Rio,1.5 Luxury,Hatchback/5
Dacia,Duster,1.3 Tce Expression,SUV
Kia,Cerato,2.0 CRDI EX Comfort,Sedan
Kia,Cerato,1.6 MPI Comfort,Sedan
Citroen,Saxo,1.6 VTS,Hatchback/3
Mini,Cooper,1.5 D Pepper,Hatchback/5
Renault,Latitude,1.5 dCi Expression,Sedan
Opel,Insignia,2.0 CDTI Cosmo,Hatchback/5
Fiat,500 X,1.4 T Cross Plus,Crossover
Kia,Rio,1.4 GSL Basic,Sedan
Volkswagen,Sharan,1.8 T Highline,MPV
Mercedes - Benz,E,300 D AMG,Sedan
Audi,TTS,2.0 TFSI Quattro,Coupe
Volkswagen,Passat,1.6 Comfortline,Sedan
Ford,Kuga,1.5 EcoBoost Trend X,SUV
Kia,Rio,1.4 CVVT Elegance Konfor,Hatchback/5
Mercedes - Benz,S,S 500 500 L,Sedan
Peugeot,307,1.6 Pack,Hatchback/5
Hyundai,Tucson,2.0 CRDi,SUV
Hyundai,Tucson,1.6 CRDi N Line Plus,SUV
Opel,Insignia,1.6 T Edition Elegance,Hatchback/5
Mercedes - Benz,CLA,200 AMG+ 4Matic,Sedan
Kia,Stonic,1.0 T-GDI Elegance Plus,SUV
Opel,Astra,1.3 CDTI Enjoy Active,Hatchback/5
Mini,Cooper,1.5 Signature,Hatchback/5
Ford,Focus,1.6 Ti-VCT Titanium X,Hatchback/5
Volkswagen,Golf,1.6 Trendline,Hatchback/3
Hyundai,Tucson,1.6 T-GDi Power Edition,SUV
Nissan,Micra,1.0 IG-T Visia,Hatchback/5
Renault,Megane,1.5 dCi Sport Tourer GT-Line,Station wagon
Renault,Megane,1.9 DTi Expression,Sedan
Lancia,Ypsilon,1.3 Mjet,Hatchback/5
Mini,Cooper S,1.6,-
Audi,A3,A3 Sedan 1.0 TFSI Sport Line,Sedan
Mini,Cooper,1.5 Pure,Hatchback/3
Volkswagen,Polo,1.4 TSi GTi,Hatchback/3
Jaecoo,J7,1.6 Evolve,SUV
Audi,A4,A4 Sedan 2.0 TFSI Quattro Design,Sedan
Renault,Symbol,0.9 TCe Turbo Touch,Sedan
Kia,Sephia,1.6 GTX,Sedan
Ford,Puma,1.0 EcoBoost Hybrid ST-Line X,SUV
Mitsubishi,Carisma,1.6 GLX,Sedan
Ford,Kuga,1.5 EcoBoost ST Line,SUV
Jaguar,XF,2.7 D Luxury,Sedan
Renault,Megane,1.6 Coupe RN,Coupe
Honda,Civic,1.5 EX,Sedan
Ford,Mondeo,2.0 GLX,Hatchback/5
Nissan,Micra,1.5 dCi Passion,Hatchback/5
Mercedes - Benz,ML,350 CDI,SUV
Mercedes - Benz,GLB,200 Progressive+ 4Matic,SUV
Land Rover,Range Rover Sport,2.0 HSE Plus,SUV
Renault,Megane,1.5 dCi Touch,Station wagon
Mercedes - Benz,GLC,300 D AMG,SUV
Volkswagen,Polo,1.4 Chrome Edition,Hatchback/5
Mazda,MX,MX-5 2.0,Roadster
Peugeot,307,1.6 Premium,Hatchback/5
Volkswagen,Scirocco,1.4 TSi Sportline,Cabrio
Peugeot,106,XN,Hatchback/5
Maserati,Levante,3.0 D,SUV
Lancia,Ypsilon,1.3 Mjet,Hatchback/3
Mini,Cooper,1.5 D Burberry Edition,Hatchback/5
Mini,Cooper,1.6 Cabrio,-
Nissan,Qashqai,1.5 dCi Platinum,SUV
Volkswagen,Jetta,1.6 Exclusive,Sedan
Hyundai,i30,1.5 T-GDI Comfort,Hatchback/5
Ford,Focus,1.6 Ambiente,Station wagon
Renault,Scenic,1.5 dCi Privilege,Hatchback/5
Lancia,Delta,1.6 MJet,Hatchback/5
Renault,Megane,1.5 dCi Sportway,Station wagon
Mitsubishi,Lancer,1.3 Comfort,Sedan
Volkswagen,Jetta,1.4 TSi Tour,Sedan
Ford,Ranger,2.5 TDCi STD,Hard top
Peugeot,3008,1.6 HDi Active,SUV
Opel,Vectra,1.6,Sedan
Volkswagen,New Beetle,1.2 TSi Beetle,Hatchback/3
Peugeot,3008,1.6 e-HDi Allure,SUV
Opel,Astra,1.6 CDTI Excellence,Hatchback/5
Mercedes - Benz,E,250 AMG,Coupe
Peugeot,3008,1.2 PureTech Allure Dynamic,SUV
Mercedes - Benz,B,B 150 Special Edition,MPV
Renault,R 19,1.4 Europa RL,Hatchback/3
Nissan,Almera,1.6 SLX,Sedan
Mercedes - Benz,B,B 160 Sport,MPV
Renault,Safrane,2.0,Hatchback/5
Renault,Scenic,2.0 RXT,MPV
Nissan,Almera,1.4 S,Hatchback/3
Dacia,Sandero,1.0 TCe Essential,Hatchback/5
Renault,Megane,1.6 Coupe Dynamique,Coupe
Kia,Venga,1.4 CRDi EX,MPV
Renault,Megane,1.2 TCe Icon,Sedan
Kia,Sephia,1.5 LS,Sedan
Seat,Ibiza,1.4 Copa,Hatchback/5
Renault,Scenic,2.0 RXT,Hatchback/5
Mercedes - Benz,A,A 180 Style,Hatchback/5
Mercedes - Benz,A,A 180 Progressive,Sedan
Seat,Cordoba,1.4 Reference,Sedan
Opel,Astra,1.6 CDTI Enjoy Active,Hatchback/5
Seat,Tarraco,1.5 TSI FR,SUV
Volkswagen,Beetle,1.6 TDi Design,Hatchback/3
Renault,R 19,1.6 Europa RNA,Sedan
Mercedes - Benz,C,C 180 AMG 9G-Tronic,Coupe
Seat,Cordoba,1.4 Sport,Sedan
Ssangyong,Musso Grand,2.2 D Platinum Plus,Pick-Up
Mercedes - Benz,C,C 200 Kompressor Avantgarde,Sedan
Renault,Clio,1.2 TCE Dynamique,Hatchback/5
Ssangyong,Musso Grand,2.2 D Platinum Plus,SUV
Mercedes - Benz,C,C 180 BlueEfficiency Start,Sedan
BMW,3 Serisi,328i Luxury Line,Sedan
Ford,Kuga,1.5 EcoBoost Style,SUV
Seat,Ibiza,1.2 TSI Sport Tourer Style,Station wagon
Seat,Cordoba,1.6 SX,Coupe
Hyundai,Kona,1.6 T-GDI,SUV
Mercedes - Benz,CLA,200 Urban,Coupe
Mercedes - Benz,CLA,45 S Performance+,Station wagon
Peugeot,307,1.4 Feline,Hatchback/5
Ford,Kuga,1.5 TDCi ST Line,SUV
Seat,Ibiza,1.4 TDI Reference,Hatchback/5
Peugeot,206,1.4 HDi X-Design,Hatchback/5
Seat,Exeo,1.6 Style,Sedan
Mercedes - Benz,CLA,200 Urban,Sedan
Nissan,Micra,1.3 LX,Hatchback/3
Mercedes - Benz,E,200 CGI BlueEFFICIENCY Avantgarde,-
Mercedes - Benz,C,C 220 CDI AMG,Sedan
Volkswagen,Tiguan,1.4 TSI Cup,SUV
Seat,Toledo,1.2 TSI Style,Hatchback/5
Volkswagen,Passat,1.6 TDi BlueMotion,Sedan
Mercedes - Benz,C,C 200 BlueTEC Style,Sedan
Peugeot,308,1.6 HDi Premium Pack,Hatchback/5
Seat,Ibiza,1.2 TSI Copa Plus,Hatchback/5
Honda,Civic,1.6i DTEC Executive,Hatchback/5
Renault,Megane,1.6 Coupe 1.6 e,Coupe
Skoda,Fabia,1.5 TSI Premium,Hatchback/5
Mercedes - Benz,CLS,350 CDI,Coupe
Nissan,Primera,1.6 SLX,Sedan
Seat,Toledo,1.8 Signo,Sedan
Mercedes - Benz,CLA,200 AMG 4Matic,Coupe
MG,EHS,1.5 Phev Luxury,SUV
Volkswagen,Golf,1.9 TDi Comfortline,Hatchback/5
Mazda,3,1.5 SkyActive-G Motion,Hatchback/5
Audi,A3,A3 Sportback 1.6 Sportback Ambition,Hatchback/5
Mercedes - Benz,CLA,180 CDI Style,Coupe
Renault,R 12,Toros,Hatchback/5
BMW,3 Serisi,318i M Plus,Station wagon
Mercedes - Benz,CLA,200 Style,Coupe
Renault,Megane,1.6 CC Privilege,Cabrio
Renault,Clio,1.0 TCe Icon,Hatchback/3
Cupra,Formentor,1.5 eHybrid Phev Impulse,SUV
BMW,5 Serisi,520d xDrive Pure,Sedan
Seat,Toledo,1.6 TDI Reference,Hatchback/5
Peugeot,307,1.6 HDi XT,Hatchback/5
Nissan,Qashqai+2,1.5 dCi Tekna Pack,SUV
Skoda,Fabia,1.0 GreenTec Premium,Hatchback/5
Peugeot,206,1.4 Fever,Hatchback/5
Honda,Civic,1.6i DTEC Premium,Sedan
Dacia,Duster,1.0 Tce Essential,SUV
Renault,Kadjar,1.3 TCE Touch Roof,SUV
Seat,Ibiza,1.4 Sport,Hatchback/3
Opel,Meriva,1.3 DTI Essentia,MPV
BMW,3 Serisi,320d Advantage,Sedan
Skoda,Fabia,1.2 Dinamik,Hatchback/5
Volkswagen,Polo,1.4 Cross,Hatchback/5
Skoda,Octavia,1.5 Mhev Prestige,Sedan
Skoda,Fabia,1.4 Choice,Hatchback/5
Hyundai,Getz,1.3 GLS Style,Hatchback/5
Toyota,Corolla,1.6 XEi,Station wagon
Volvo,S60,1.6 T4 Premium,Sedan
Opel,Astra,1.6 CDTI Dynamic,Sedan
BMW,X1,16d sDrive Premium Line,SUV
Honda,Civic,1.4 Sport,Hatchback/5
BMW,X3,20d,SUV
Chevrolet,Captiva,2.0 D LT Medium,SUV
Seat,Cordoba,1.4 Stylance,Sedan
Ford,Fiesta,1.4 My Fiesta,Hatchback/5
Audi,A6,A6 Sedan 50 TDI Quattro Design,Sedan
Skoda,Kodiaq,1.5 TSI Premium,SUV
BMW,1 Serisi,120i Sport Line,Hatchback/5
Citroen,C4 Grand Picasso,1.6 HDi SXPK,MPV
Opel,Astra,1.7 DTI GL,Sedan
Skoda,Octavia,1.6 TDI Ambiente,Sedan
Ford,Focus,1.6 Trend X,Hatchback/5
Skoda,Felicia,1.6 GLXi,Hatchback/5
Volkswagen,Beetle,1.4 TSi Design,Hatchback/3
Peugeot,206,1.4 Comfort,Hatchback/5
Hyundai,Accent,1.5 1.5i GL,Hatchback/5
Mini,Cooper,1.5 Salt Pepper Chili,Hatchback/3
Peugeot,206,1.4 XT,Hatchback/5
Toyota,Corolla,1.6 Class,Sedan
Peugeot,206,1.4 Comfort,Sedan
Skoda,Forman,GLX,Station wagon
BMW,2 Serisi,216d Gran Coupe First Edition M Sport,Hatchback/5
Nissan,Primera,1.6 Visia,Hatchback/5
Nissan,Almera,1.5 Visia,Sedan
Volkswagen,Jetta,2.0 TDi Comfortline,Sedan
Nissan,Maxima,2.0 QX,Sedan
BMW,X1,16d sDrive Ultimate X-Line,SUV
BMW,4 Serisi,420d xDrive Gran Coupe Modern Line,Coupe
Chevrolet,Cruze,1.4 T Sport,Sedan
Toyota,Avensis,2.0 D-4D,MPV
Ford,Focus,1.6 Ghia,Station wagon
Audi,Q2,30 TDI Sport,SUV
Nissan,Pulsar,1.2 Visia,Hatchback/5
Nissan,Qashqai,1.3 DIG-T Platinum,SUV
Chevrolet,Evanda,2.0 CDX,Sedan
Skoda,SuperB,2.0 TDI Prestige,Sedan
BMW,X3,20d xDrive Comfort,SUV
Hyundai,Accent Era,1.6 Expo Platinum,Sedan
Hyundai,Accent,1.3 GL Active,Sedan
Hyundai,Accent Era,1.6 Mode,Sedan
Nissan,Primera,1.6 Comfort,Hatchback/5
Hyundai,Sonata,2.0 CRDi Style Plus,Sedan
Jeep,Compass,1.5 Hybrid Limited,SUV
Peugeot,207,1.4 VTi Active,Hatchback/5
Citroen,C4 Cactus,1.6 e-HDi Shine,SUV
Fiat,Egea Cross,1.6 Multijet Limited,SUV
Seat,Ibiza,1.4 TDI Stylance,Hatchback/5
Seat,Ibiza,1.6 Stella,Hatchback/3
Opel,Corsa,1.4 Twinport Color Edition,Hatchback/5
Toyota,Corolla,1.4 Terra VVT-i,Hatchback/3
BMW,iX1,Sport Line,SUV
Alfa Romeo,159,1.9 JTD Distinctive Plus,Sedan
Seat,Leon,1.6 TDI X Perience,Station wagon
Smart,ForFour,1.0 Proxy,Hatchback/5
Audi,Q2,30 TDI Design,SUV
Nissan,Primera,2.0 Elegance,Sedan
Skoda,Octavia,1.6 TDI Style,Sedan
Isuzu,D-Max,2.5 4x2,SUV
Volkswagen,Golf,1.5 TSi Highline,Hatchback/5
Volkswagen,Golf,1.6 Highline,Hatchback/5
Nissan,Primera,2.0 SE,Hatchback/5
Volkswagen,Jetta,1.6 TDi Trendline,Station wagon
Renault,R 19,1.6 Europa RTE,Hatchback/5
Skoda,Fabia,1.2 Classic,Station wagon
Audi,TT,2.0 TFSI,Coupe
Ford,Mondeo,2.0 TDCi Ghia,Station wagon
Skoda,SuperB,2.0 TSI Laurin & Klement Crystal,Sedan
Nissan,Navara,2.5 TDI 4x2 SE,Hard top
Fiat,500 Ailesi,500 1.2 8V RockStar Dualogic,Hatchback/3
Suzuki,SX4,GL,Sedan
Tata,Indica,1.4 TDI Comfort,Hatchback/5
Saab,9-5,1.9 TiD Vector,Sedan
Peugeot,308,1.6 HDi Business Line,Hatchback/5
Renault,Clio,1.2 Turbo GT Line,Hatchback/5
Fiat,Panda,1.2 Fire Urban,Hatchback/5
Seat,Leon,1.4 E-Hibrit,Hatchback/5
Citroen,C5 Aircross,1.2 PureTech Live,SUV
Chevrolet,Aveo,1.2 SX,Hatchback/5
Peugeot,206,1.4 X-Design,Station wagon
Tofaş,Kartal,1.6,Station wagon
Audi,Q8 E-Tron,Advanced,SUV
Skoda,Octavia,1.0 e-Tec Elite,Sedan
Peugeot,206+,1.4 HDi Urban Move,Hatchback/5
Alfa Romeo,Giulia,2.0 T Veloce,Sedan
Seat,Toledo,1.4 TSI Reference,Hatchback/5
Fiat,Punto,EVO 1.3 Multijet My Life,Hatchback/5
Opel,Astra,1.4 T Cosmo,Station wagon
Suzuki,Alto,1.0 GL,Hatchback/5
Suzuki,Maruti,800,Hatchback/5
Fiat,Punto,1.2 Dynamic,Hatchback/5
Chevrolet,Spark,1.0,Hatchback/5
Opel,Vectra,2.2 Elegance,Sedan
Audi,A6,A6 Avant 45 TFSI Quattro Sport,Station wagon
Peugeot,308,1.6 BlueHdi Allure,Hatchback/5
Skoda,Octavia,1.6 TDI Optimal,Sedan
Hyundai,Accent Era,1.5 CRDi-VGT Eco,Sedan
Opel,Insignia,1.6 Edition,Hatchback/5
Citroen,C3,1.4 SensoDrive,Hatchback/5
Opel,Astra,1.6 CDTI Business,Hatchback/5
Tesla,Model S,75D,Sedan
Seat,Ibiza,1.4 TDI Signo,Hatchback/5
Citroen,Xsara,Picasso 2.0 HDi,MPV
Volvo,S60,1.6 D,Station wagon
Dacia,Duster,1.6 Comfort,SUV
Skoda,Octavia,1.9 TDI Elegance,Hatchback/5
Peugeot,508,1.6 BlueHDi Access,Sedan
Ford,Kuga,1.6 EcoBoost Trend X,SUV
Alfa Romeo,Giulietta,1.6 JTDM-2 Sprint,Hatchback/5
Opel,Insignia,1.6 T Sport,Sedan
Volkswagen,Golf,1.4 TSi Comfortline,Hatchback/3
Skoda,Octavia,1.5 e-Tec Scout,Station wagon
Opel,Astra-e,GS,Hatchback/5
Toyota,Corolla,1.6 GL,Sedan
Kia,Niro,Niro EV Elegance,SUV
Citroen,ZX,1.4 Avantage,Hatchback/5
Ford,Explorer,4.0 XLT,SUV
Citroen,C4 Grand Picasso,1.6 HDi VTRPK,MPV
Volvo,V40,1.6 D R-Design,Hatchback/5
Opel,Astra,E Ultimate,Hatchback/5
Citroen,C5,1.6 HDi Dynamique,Sedan
Citroen,C5,1.6 THP Dynamique,Sedan
Toyota,Avensis,1.6 D-4D Premium,Sedan
Dacia,Duster,1.5 BlueDCI Essential,SUV
Volvo,V40 Cross Country,1.5 T3 Advance,Hatchback/5
Hyundai,i20 Active,1.4 MPi Elite Smart,Hatchback/5
Peugeot,308,1.2 PureTech Access,Hatchback/5
Toyota,Carina,2.0,Sedan
Tesla,Model Y,Standart Range,Coupe
Volkswagen,Golf,1.4 TSi Midline,Hatchback/5
Volkswagen,Polo,1.0 Style,Hatchback/5
Toyota,Auris,1.4 D-4D Premium,Hatchback/5
Audi,A3,A3 Hatchback 1.4 TFSI Ambition,Hatchback/3
BMW,X1,18i sDrive M Sport,SUV
Opel,Corsa,1.2 T Elegance,Station wagon
Skoda,Rapid,1.0 TSI GreenTec Style,Hatchback/5
Ford,B-Max,1.4 Trend,MPV
Toyota,Avensis,2.0 Elegant,Sedan
Toyota,Corolla,1.8 Hybrid Dream,Station wagon
Dacia,Sandero Stepway,1.0 Tce Extreme,-
Fiat,Albea,1.3 Multijet EL,Hatchback/5
Kia,Cerato,1.6 GSL Premium,Sedan
Lancia,Thema,3.0 CRD,Sedan
Opel,Insignia,1.6 CDTI Excellence Sports Tourer,Station wagon
Mazda,3,1.5 SkyActive-D Reflex,Hatchback/5
Toyota,Yaris,1.4 D-4D Sol Special,Hatchback/5
Skoda,Fabia,1.4 Classic,Sedan
Citroen,C3 Picasso,1.6 e-HDi Confort,MPV
Mercedes - Benz,EQS,580 Heritage Edition,Sedan
Ford,Fiesta,1.6 Comfort,Hatchback/5
Chevrolet,Captiva,2.0 D LTZ,SUV
Peugeot,508,1.6 Puretech Prime,Sedan
Skoda,SuperB,1.6 TDI Prestige,Station wagon
Mazda,2,1.5 Go,Hatchback/5
Seat,Leon,1.6 TDI Style,Station wagon
Hyundai,i20 Active,1.0 T-GDi Elite,Hatchback/5
Volvo,S80,3.2 Executive,Sedan
Ford,B-Max,1.6 TDCi Trend,MPV
BMW,X1,16i sDrive Sport Line,SUV
Alfa Romeo,Giulietta,1.4 TB Progression Plus,Hatchback/5
Volkswagen,Golf,1.6 FSi Midline Plus,Hatchback/5
Kia,Ceed,1.5 T-GDI Elegance,Hatchback/5
Fiat,Stilo,1.6 Actual,Hatchback/5
Volkswagen,Golf,2.0 TDi Comfortline,Hatchback/5
Daihatsu,Terios,1.3 SX,SUV
Renault,Clio,1.5 dCi Grandtour Night & Day,Station wagon
Toyota,Corolla,1.6 Linea Sol,Hatchback/3
Mini,Cooper,1.5 D Türkiye Paketi,Hatchback/5
Opel,Astra,1.2 T GS Line,Hatchback/5
Audi,Q8 Sportback E-Tron,Advanced,SUV
Kia,Cerato,1.5 CRDi LX,Hatchback/5
Mitsubishi,Colt,1.3 Instyle,Hatchback/5
BMW,X6,40d xDrive,SUV
Toyota,Yaris,1.5 Dream Multidrive S,Hatchback/5
Jaguar,XF,2.7 D Premium Luxury,Sedan
Peugeot,206,1.6 XT,Hatchback/5
Audi,Q2,30 TFSI Sport,SUV
Kia,Rio,1.4 EX Comfort,Sedan
Porsche,718,Cayman 4.0 GT4,Coupe
Alfa Romeo,Junior Ibrida,1.2 speciale,SUV
Hyundai,Accent Era,1.4 Eco,Sedan
Citroen,C3,1.2 PureTech Shine Pack,Hatchback/5
Citroen,e-C4 X,Shine Bold,SUV
Volkswagen,Golf,1.4 TSi Fan Edition,Hatchback/5
Ford,Mondeo,2.0 TDCi Style,Sedan
BMW,3 Serisi,328i Technology,Sedan
Honda,CR-V,2.0i ES,SUV
Mercedes - Benz,E,200 Classic,Sedan
Tesla,Model Y,Standart Range,Roadster
Mercedes - Benz,A,A 180 d Style,Sedan
Volkswagen,Jetta,1.6 Comfortline,Sedan
Fiat,Freemont,2.0 Multijet Lounge,SUV
BMW,X5,25d xDrive M Sport,SUV
Mercedes - Benz,S,S 500 500,Sedan
Mercedes - Benz,A,A 180 d Urban,Hatchback/5
Volkswagen,Passat,2.0 FSi Comfortline,Sedan
Citroen,C5 Aircross,1.5 BlueHDI Feel Adventure,SUV
BMW,Z Serisi,Z4 3.0,-
Citroen,C4 Cactus,1.6 BlueHDI Feel,Hatchback/5
BMW,4 Serisi,418d Gran Coupe Ultimate M Sport,Coupe
Citroen,C5 Aircross,1.6 PureTech Shine,SUV
Mercedes - Benz,B,B 180 d Urban,MPV
Mercedes - Benz,A,A 160 Elegance,Hatchback/5
Suzuki,Swift,1.3 GLX,Sedan
Mercedes - Benz,C,C 180 Kompressor Elegance,Sedan
Volkswagen,Golf,1.6 TDi BlueMotion,Hatchback/5
Opel,Insignia,1.5 d Exclusive,Hatchback/5
Mercedes - Benz,E,250 Premium,Sedan
Kia,Ceed,1.6 CRDi Comfort SW,Station wagon
Renault,Megane,1.6 RNA,Sedan
Volkswagen,Polo,1.4 TDi Goal,Hatchback/5
Skoda,Rapid,1.2 TSI GreenTec Ambition,Hatchback/5
Citroen,e-C4 X,Max,SUV
Skoda,Octavia,1.6 Collection Plus,Hatchback/5
Citroen,e-C4 X,Max,Sedan
Kia,Ceed,1.4 Cool Tekno,Hatchback/5
Seat,Cordoba,1.6 Stella,Sedan
Volvo,S90,2.0 D5 Plus Bright,Sedan
DS Automobiles,DS4,1.6 e-HDi D-Style,Hatchback/5
Ford,Focus,1.6 Trend,Hatchback/5
Skoda,Octavia,1.6 TDI Style CR,Station wagon
Renault,R 19,1.4 1.4i,Hatchback/5
Opel,Corsa,1.4 Twinport Enjoy,Hatchback/3
Citroen,C4 Cactus,1.6 BlueHDI Feel,Crossover
BMW,X3,20i sDrive X Line,SUV
Hyundai,Ioniq 6,1.6 GDI Hybrid Elite Plus,Hatchback/5
Ford,Focus,1.0 EcoBoost Active X,Station wagon
Kia,Ceed,1.5 T-GDI Prestige,Station wagon
Renault,Laguna,2.0 RTI,Hatchback/5
Kia,Ceed,1.6 CRDi Cool SW,Station wagon
Ford,Scorpio,2.3 Ghia,Sedan
Opel,Astra,1.4 T Enjoy,Sedan
Toyota,Yaris,1.3 Terra,Hatchback/3
Nissan,Skystar,4x2,SUV
Cupra,Leon,2.0 TSI VZ,MPV
Toyota,Corolla,1.8 Hybrid Passion X-Pack,Hatchback/5
BMW,X3,20i sDrive Exclusive,SUV
Toyota,Yaris,1.3 Sol,Hatchback/3
Kia,Ceed,1.4 MPI Live,Hatchback/5
Toyota,Verso,1.6 D-4D Advance,MPV
Jaguar,XE,2.0 D R-Sport Plus,Sedan
Mercedes - Benz,C,C 200 d BlueTEC Avantgarde,Sedan
Volkswagen,Jetta,1.9 TDi Midline,Sedan
Mercedes - Benz,CLS,350 CDI Innovation Sport,Coupe
Volkswagen,Passat,1.4 TSi Exclusive,Sedan
Ford,Focus,1.6 TDCi Sport,Hatchback/3
Hyundai,Atos,1.1 GLS,Hatchback/5
Honda,HR-V,1.5 i-VTEC Executive,SUV
Mercedes - Benz,CLK,CLK 200 Kompressor Elegance,Coupe
Mercedes - Benz,E,250 CGI AMG,Cabrio
Ford,Focus,1.6 Collection,Station wagon
Dacia,Lodgy,1.5 dCi Laureate,Sedan
Skoda,SuperB,1.4 TSI Style,Sedan
Honda,CR-V,2.0i,SUV
Hyundai,Matrix,1.6 Select,MPV
Mercedes - Benz,E,350 CDI AMG Premium,Sedan
Ford,Focus,1.5 TDCi Titanium,Station wagon
BMW,iX1,eDrive20 M Sport,SUV
Mercedes - Benz,E,220 D Avantgarde,Sedan
Hyundai,Sonata,2.5 GLS,Sedan
BMW,iX1,eDrive20 X Line,SUV
Dacia,Lodgy,1.5 dCi Laureate,Station wagon
Jaguar,S-Type,2.7 D Executive,Sedan
Ford,Focus,1.6 Trend X,Sedan
Mercedes - Benz,E,200 Exclusive,Sedan
Subaru,Impreza,1.5 Comfort,Hatchback/5
Hyundai,Sonata,2.0 CRDi Style,Sedan
Jaguar,XF,3.0 Premium Luxury,Sedan
Jaguar,XJ,2.0 Luxury,Sedan
Ford,B-Max,1.5 TDCi Trend,MPV
Suzuki,SX4,GLX,Hatchback/5
Renault,Megane,1.6 RXE,Sedan
Volkswagen,EOS,1.6 FSi Comfortline,-
Volkswagen,Jetta,1.4 TSi Midline,Sedan
Ford,Mondeo,2.0 Ghia,Station wagon
Dacia,Logan,1.5 dCi Laureate,Sedan
Nissan,Primera,1.6 SLX,Hatchback/5
DS Automobiles,DS5,1.6 e-HDi DSport,Hatchback/5
DS Automobiles,DS3,1.6 e-HDi DStyle,Hatchback/3
DS Automobiles,DS5,1.6 BlueHDi So Chic,Hatchback/5
Nissan,Micra,1.2 Visia,Hatchback/3
Hyundai,Elantra,1.6 D-CVVT Elite,Sedan
DS Automobiles,DS4,1.5 BlueHDi Trocadero,Hatchback/5
DS Automobiles,DS4,1.6 BlueHDi Standart,Hatchback/5
Mercedes - Benz,S,S 320 320 CDI L,Sedan
BMW,X6,40d xDrive Pure Luxury,SUV
Ford,Fiesta,1.1 Trend,Hatchback/5
Jaguar,X-Type,2.1 Executive,Sedan
Nissan,Pulsar,1.5 Tekna,Hatchback/5
DS Automobiles,DS9,1.6 PureTech Performance Line,Sedan
Volkswagen,New Beetle,1.2 TSi Allstar,Hatchback/3
Toyota,Avensis,1.8 Elegant,Sedan
Nissan,Skystar,4x4,Hard top
Pontiac,Firebird,5.7 Trans Am,Coupe
Jaguar,XJ,XJ8 3.2,Sedan
Jaguar,XJ,4.0 Sovereign,Sedan
Renault,Symbol,1.4 Expression Plus,Sedan
Kia,Cerato,1.6 CRDi EX,Sedan
Opel,Astra,1.3 CDTI Active,Hatchback/5
Volkswagen,Passat,1.6 TDi Business,Sedan
Mercedes - Benz,S,S 400 400 L,Sedan
Hyundai,Tucson,1.6 T-GDi Style,SUV
Ford,Focus,1.6 Ti-VCT Style Plus,Sedan
Skoda,SuperB,1.4 TSI Prestige,Sedan
Seat,Ibiza,1.4 TDI Signo,Hatchback/3
Fiat,Uno,1.4 ie,Hatchback/3
Opel,Astra,1.6 CDTI Sport,Station wagon
Jaguar,XF,2.0 D R-Sport Plus,Sedan
Toyota,Corolla,1.3 Terra,Sedan
Fiat,Tempra,2.0 ie,Station wagon
Volkswagen,Passat Alltrack,2.0 TDI,SUV
Hyundai,Grandeur,3.3,Sedan
BYD,Sealion 7,Design,SUV
Volkswagen,Passat,1.8 T Highline,Sedan
Opel,Vectra,1.9 CDTI Design,Sedan
Geely,Emgrand,1.5 GSL Premium SR,Sedan
Renault,Laguna,1.5 dCi Expression,Station wagon
Volkswagen,Polo,1.0 TSi Life,Hatchback/3
BYD,Seal U EV,Bilinmiyor,SUV
Dacia,Sandero Stepway,1.0 Tce Extreme,SUV
Mercedes - Benz,Maybach S,S 500,Sedan
Volvo,V90 Cross Country,2.0 B6 Ultimate Bright,Station wagon
Fiat,Palio,1.2 HL Speedgear,Hatchback/5
Volkswagen,Passat,1.6 TDi BlueMotion Highline,Station wagon
Ford,Fiesta,1.1 Style,Hatchback/5
Volkswagen,Passat Variant,1.4 TSi BlueMotion Highline,Station wagon
Citroen,C3 Aircross,1.2 Hybrid Plus,SUV
Fiat,Idea,1.4 Dynamic Plus,MPV
Audi,A3,A3 Sportback 1.6 Sportback Ambiente,Hatchback/5
Opel,Astra,1.4 T GTC Sport,Hatchback/3
Renault,Clio,1.5 dCi Dynamique,Station wagon
Skoda,Kodiaq,1.5 TSI GreenTec Premium,SUV
Volkswagen,Polo,1.4 TDi Basicline,Hatchback/5
Kia,Cerato,1.6 Koup,Coupe
Honda,Civic,1.4 S,Sedan
Volkswagen,Polo,1.9 TDi Classic,Sedan
Ford,Fiesta,1.6 Trend X,Hatchback/5
DS Automobiles,DS3 Crossback,1.2 PureTech Performance Line,SUV
Renault,Megane,1.6 dCi GT-Line Energy,Coupe
Volvo,S60,2.4 D,Sedan
DS Automobiles,DS7 Crossback,1.5 BlueHDI Performance Line,SUV
Volvo,S60,2.0 D Premium,Sedan
DS Automobiles,DS7 Crossback,1.6 E-Tense Opera,SUV
Volvo,S60,2.0 D R-Design,Sedan
DS Automobiles,DS7 Crossback,1.6 THP PureTech Louvre,SUV
Ford,Fiesta,1.6 Ti-VCT Trend X,Hatchback/5
Volkswagen,Passat,1.9 TDi,Sedan
Hyundai,ix35,1.6 GDI Desing Pack,SUV
Volkswagen,Passat Variant,1.6 TDi BlueMotion Highline,Station wagon
Volkswagen,Passat,2.0 FSi Highline,Sedan
Honda,Civic,1.6i VTEC Executive,Station wagon
Volvo,S80,1.6 T4,Sedan
Volvo,V40,1.6 D Advance,Hatchback/5
Honda,Civic,1.6i VTEC Dream,Station wagon
Hyundai,i10,1.25 D-CVVT Elite,Hatchback/5
Skoda,Octavia,2.0 TDI Elegance,Hatchback/5
Audi,A3,A3 Sportback 1.4 TFSI Ambiente,Hatchback/3
Kia,Rio,1.5 Trend,Sedan
Mini,Cooper Clubman,1.5 Untold Edition,Station wagon
Lancia,Delta,1.4 T-Jet,Hatchback/5
Skoda,Octavia,1.4 TSI Style,Hatchback/5
Opel,Astra,1.6 T Enjoy,Sedan
Nissan,Micra,1.2 Puzzle,Hatchback/5
Cupra,Terramar,1.5 e-TSI VZ-Line,SUV
Volkswagen,Passat Variant,2.0 FSi Highline,Station wagon
Opel,Vectra,2.0 DTI CD,Sedan
Fiat,500 X,1.6 Multijet Cross,SUV
Seat,Leon,1.9 TDI Stella,Hatchback/5
Dacia,Duster,1.5 BlueDCI Prestige,SUV
Renault,Laguna,1.9 dCi Expression,Hatchback/5
Hyundai,Accent,1.5 1.5i GL,Sedan
Honda,Jazz,1.3 Dream,Hatchback/5
Fiat,Linea,1.3 Multijet Active,Coupe
Kia,Rio,1.25 CVVT Elegance,Hatchback/5
Kia,Ceed,1.0 T-GDI Cool,Hatchback/5
Kia,Cerato,1.6 MPI Concept,Sedan
Kia,Pride,1.3 DLX,Station wagon
Kia,Pro Ceed,1.6 CRDi Premium,Hatchback/3
Kia,Rio,1.4 WGT Comfort,Hatchback/5
Kia,Rio,1.4 WGT Elegance,Hatchback/5
Kuba,City,Bilinmiyor,Hatchback/3
Fiat,Albea,Sole 1.4 Fire Active Plus,Sedan
Dacia,Duster,1.5 BlueDCI Prestige Plus,SUV
Volkswagen,Polo,1.4 Comfortline,Hatchback/3
Mini,Cooper,1.5 D Türkiye Paketi,Hatchback/3
Mini,Cooper,1.5 Türkiye Paketi,Hatchback/3
Opel,Astra,1.6 T Cosmo,Hatchback/5
Volvo,S90,2.0 D5 R-Design,Sedan
Skoda,Rapid,1.2 TSI Ambition,Sedan
Skoda,Rapid,1.4 TSI Elegance,Hatchback/5
Opel,Corsa,1.2 T Edition,Station wagon
BMW,3 Serisi,320d xDrive Luxury Plus,Sedan
Opel,Meriva,1.3 DTI Enjoy,MPV
Dacia,Duster,1.5 dCi Blackshadow,SUV
Renault,Megane,1.5 dCi Touch Plus,Station wagon
Opel,Corsa,1.2 Twinport Essentia,Hatchback/3
BMW,3 Serisi,318Ci,-
Seat,Ibiza,1.4 TDI Style,Hatchback/5
Kia,Stonic,1.0 T-GDI Prestige,SUV
Renault,Clio,1.5 dCi Dynamique,Sedan
Jeep,Grand Cherokee,2.7 CRD Limited,SUV
Kia,Shuma,LS,Hatchback/5
Renault,Megane,1.5 dCi Impressor,-
Kia,Venga,1.4 CRDi Active,MPV
Opel,Meriva,1.7 CDTI Enjoy,MPV
Renault,Megane,1.5 dCi Expression Plus,Sedan
Opel,Astra,1.6 CDTI Dynamic,Hatchback/3
Toyota,Yaris,1.33 Style Red Skypack,Hatchback/5
Toyota,Verso,1.6 Elegant,Hatchback/5
Opel,Vectra,1.6 Elegance,Hatchback/5
Ford,Ranger,3.2 TDCi Wild Trak,Hard top
Kia,Sportage,1.6 GDI,SUV
Volvo,S60,2.0 T,Sedan
Land Rover,Range Rover,3.6 TDV8 Vogue,SUV
Opel,Corsa,1.5 CDTI Dynamic,Hatchback/5
BMW,2 Serisi,220d M Sport,Coupe
Renault,Megane,1.6 Privilege,Sedan
BMW,4 Serisi,420d xDrive Gran Coupe Premium,Hatchback/5
Hyundai,Coupe,2.0 GLS,Coupe
Honda,Jazz,1.5 Dynamic,Hatchback/5
Volkswagen,Passat,1.4 TSi BlueMotion Exclusive,Sedan
Opel,Tigra,1.6,Coupe
Fiat,Egea,1.3 Multijet Easy,Hatchback/5
Land Rover,Discovery,3.0 SDV6 HSE,SUV
Land Rover,Range Rover Evoque,2.0 Si4 Dynamic,SUV
Fiat,Egea,1.3 Multijet Urban,Hatchback/5
Dacia,Duster,1.2 Tce Prestige,SUV
Renault,Fluence,1.5 dCi Touch Plus,Station wagon
Citroen,C3 Aircross,1.2 PureTech Exclusive,SUV
Hyundai,Genesis,2.0L TCI,Coupe
Maserati,GranSport,4.2,Coupe
Skoda,Fabia,1.4 Ambiente,Station wagon
Porsche,Taycan,4S Performance,Coupe
Seat,Leon,2.0 TFSI Cupra,Hatchback/5
Citroen,C3 Aircross,1.5 BlueHDI Exclusive Business,SUV
Renault,Clio,1.5 dCi Authentique,Station wagon
Renault,Espace,2.2 dCi Privilege,MPV
Land Rover,Range Rover Sport,3.0 TDV6 HSE,SUV
Land Rover,Range Rover,4.4 V8 V8,SUV
Renault,Modus,1.6 Dynamique,MPV
Renault,Latitude,2.0 dCi Executive,Sedan
Mini,Cooper,1.5 Favoured,Coupe
Mini,Cooper,1.5 D Salt,Hatchback/5
Citroen,C5 Aircross,1.5 BlueHDI Selection,SUV
Mazda,3,1.5 SkyActive-G Reflex,Hatchback/5
Mazda,MX,MX-5 1.5,Cabrio
Mini,Cooper,1.6,Coupe
Renault,Clio,1.5 dCi Touch,Station wagon
Hyundai,Tucson,1.6 T-GDi Prime,SUV
Mini,Cooper,1.5 Resolute Edition,Hatchback/3
Mini,Cooper,1.5 D Pepper,Hatchback/3
BMW,1 Serisi,118i Pure,Hatchback/5
Peugeot,308,1.6 HDi Premium,Hatchback/5
Land Rover,Range Rover,3.0 TDV6 Vogue,SUV
Mini,Cooper,1.6 Roadster,-
Fiat,Egea,1.4 Fire Lounge,Hatchback/5
Hyundai,Santa Fe,2.2 CRDi Active,SUV
Renault,Grand Scenic,1.5 dCi Expression,MPV
Mini,Cooper S,2.0 Favoured,Hatchback/3
Jeep,Cherokee,2.4 Sport,SUV
Mitsubishi,Carisma,1.6 Comfort,Sedan
Mitsubishi,Colt,1.5 DI-D Inform,Hatchback/5
Mitsubishi,Colt,1.3 Invite,Hatchback/3
Renault,Scenic,1.6 RTE,MPV
Renault,Twingo,1.2 Pack,Hatchback/3
Renault,Megane,1.5 dCi GT-Line,Station wagon
Fiat,Egea,1.4 Fire Lounge,SUV
Hyundai,i30,1.4 MPi Style,Hatchback/5
Hyundai,i20,1.4 MPI Style,Hatchback/3
Jeep,Renegade,1.3 Turbo Limited,SUV
Hyundai,i30,1.6 CVVT Style Plus,Hatchback/5
Jaguar,XF,2.2 D,Sedan
Jeep,Renegade,1.6 MultiJet Night Eagle,SUV
Renault,Laguna,1.6,Hatchback/5
Renault,Fluence,1.5 dCi Icon,Station wagon
Jaguar,XJ,3.0 D Portfolio,Sedan
Renault,R 12,TSW,Station wagon
Volvo,S80,1.6 D,Sedan
Renault,Megane,1.5 dCi Sport Edition,Hatchback/3
Jaguar,XJ,XJ8 3.5,Sedan
Renault,Laguna,1.8 RXE,Hatchback/5
Volkswagen,Passat,2.0 TDi BlueMotion Business,Sedan
Renault,Megane,1.6 dCi GT-Line Energy,Hatchback/5
Fiat,Palio,1.2 S,Hatchback/3
Mini,One,1.6,Hatchback/3
Toyota,Corona,1.6 XL,Sedan
Kia,Cerato,1.5 CRDi LX,Sedan
Kia,Rio,1.3 Comfort,Sedan
Citroen,C6,2.7 HDi,Sedan
Volvo,V60,1.6 T4 T4,Station wagon
Volkswagen,Bora,1.6 Highline,Sedan
Mercedes - Benz,A,A 180 d Style BlackArt,Sedan
Renault,Scenic,2.0 Privilege,MPV
Nissan,Note,1.5 dCi Platinum,Hatchback/5
Renault,Scenic,1.5 dCi Conquest,MPV
Hyundai,Tucson,1.6 GDi Elite Plus,SUV
Ford,Escort,1.8 CLX,Hatchback/5
Renault,Megane,1.5 dCi Impressor,Coupe
Mazda,Premacy,1.8,MPV
Volkswagen,Amarok,3.0 TDI Canyon,Hard top
Mazda,Lantis,1.8,Sedan
Opel,Astra,1.4 T Edition,Hatchback/5
Nissan,Navara,2.5 TDI 4x2 SE,SUV
Tata,Indigo,1.4 TDI Comfort,Sedan
Kia,Sportage,1.6 GDI Elegance,SUV
Ford,Ka,1.6 Street Trend,Cabrio
Mercedes - Benz,B,B 180 AMG,MPV
Dacia,Sandero Stepway,1.0 Tce Comfort,Hatchback/5
Volkswagen,Golf,1.6 FSi Comfortline,Hatchback/3
Renault,Twingo,1.2 Alize,Hatchback/3
Mercedes - Benz,A,A 200 BlueEFFICIENCY Urban,Hatchback/5
Mini,One,1.6,Coupe
Mitsubishi,Carisma,1.6 GL,Sedan
Smart,ForFour,0.9 Turbo Passion,Hatchback/5
Jeep,Avenger Hybrid,1.2 Limited,SUV
BYD,Dolphin,Standart,Hatchback/5
Subaru,Levorg,1.6 GT-S CVT,Station wagon
Hyundai,i20,1.4 CRDi Select,Hatchback/5
Mercedes - Benz,A,A 200 AMG+,Sedan
Renault,Fluence,1.6 Expression,Sedan
Seat,Toledo,1.4 TDI Style,Sedan
Seat,Leon,1.9 TDI Style,Hatchback/5
Mercedes - Benz,A,A 150 Avantgarde,Hatchback/5
Mercedes - Benz,A,A 200 AMG+,Hatchback/5
Renault,Megane,1.5 dCi Sport Tourer Touch,Station wagon
Renault,Twingo,1.2 Easy,Hatchback/3
Renault,Clio,1.6 Extreme,Hatchback/5
Dacia,Sandero Stepway,1.0 Eco-G Essential,Hatchback/5
Mercedes - Benz,A,A 200 Progressive,Sedan
Seat,Leon,1.0 EcoTSI Ecomotive Style,Station wagon
Mercedes - Benz,B,B 150 150,MPV
Mercedes - Benz,B,B 180 d Urban,Hatchback/5
Mercedes - Benz,B,B 180 BlueEFFICIENCY Prime,MPV
Mercedes - Benz,B,B 180 CDI BlueEFFICIENCY Elite,MPV
Ford,Focus,1.4 Comfort,Sedan
Mercedes - Benz,B,B 180 BlueEFFICIENCY Style,MPV
Opel,Insignia,1.5 d Ultimate,Hatchback/5
Skoda,Citigo,1.0 Elegance,Hatchback/5
Mercedes - Benz,C,C 180 Classic,Sedan
Ford,Focus,1.6 Collection,Sedan
Renault,R 19,1.6,Sedan
Mercedes - Benz,C,C 180 Kompressor Avantgarde,Sedan
Jeep,Renegade,1.3 T Longitude,SUV
Opel,Insignia,1.6 CDTI Edition,Sedan
Saab,9-5,2.0 LPT,Sedan
Renault,R 19,1.6 Europa RNE,Hatchback/5
Geely,Echo,1.3 Basic,Sedan
Renault,R 19,1.4 Europa Prima,Hatchback/3
Skoda,Fabia,1.2 Comfort,Hatchback/5
Mercedes - Benz,C,C 180 BlueEFFICIENCY C-Edition,Sedan
Seat,Ibiza,1.4 TSI Sport Coupe Cupra,Coupe
Opel,Zafira,1.8 Elegance,MPV
Mitsubishi,Colt,1.3 Elegance,Hatchback/5
Volkswagen,Passat,1.4 TSi BlueMotion Comfortline,Station wagon
Seat,Ibiza,1.4 Stella,Hatchback/3
Mercedes - Benz,C,C 180 Kompressor Classic,Sedan
Mercedes - Benz,C,C 200 AMG,Station wagon
Skoda,Octavia,1.2 TSI Elegance,Hatchback/5
Kia,Sportage,1.6 CRDI Cool,SUV
Fiat,Egea Cross,1.3 Multijet Street,SUV
Hyundai,i20 Troy,1.4 CRDi ISG,Hatchback/5
Nissan,Almera,1.5 Comfort,Hatchback/5
Seat,Leon,1.6 TDI Style,Coupe
Seat,Ibiza,1.6 Elegance,Hatchback/5
Fiat,Egea Cross,1.4 Fire Street,Crossover
Mercedes - Benz,C,C 200 BlueTEC Exclusive,Sedan
BMW,X3,20i sDrive Luxury Line,SUV
Volvo,V40,1.6 T4 Premium,Hatchback/5
Ford,Fiesta,1.4 Titanium X,Hatchback/5
Seat,Cordoba,1.4 Basic,Sedan
Seat,Leon,1.4 TSI Copa Plus,Hatchback/5
Ford,Fiesta,1.4 TDCi Comfort,Station wagon
Mercedes - Benz,C,C 200 D AMG,Station wagon
Kia,Rio,1.5 Comfort,Station wagon
Ford,Focus,1.6 Ti-VCT Titanium,Station wagon
Fiat,Egea Cross,1.0 Firefly Urban,SUV
Seat,Cordoba,1.4 TDI Stella,Sedan
Volvo,S80,2.4 D5 Executive,Sedan
Seat,Ibiza,1.4 Signo,Hatchback/3
Skoda,Fabia,1.4 Scout,Station wagon
Skoda,Rapid,1.2 TSI GreenTec Style,Hatchback/5
Dacia,Solenza,1.4 Clima,Sedan
Mercedes - Benz,C,C 200 d BlueTEC Style,Sedan
Seat,Ibiza,1.6 Latino,Hatchback/3
Seat,Ibiza,1.0 MPI,Hatchback/5
Citroen,e-C4 X,1.2 PureTech You,Hatchback/5
Mercedes - Benz,C,C 220 Elegance,Sedan
Mercedes - Benz,C,C 220 CDI Avantgarde,Sedan
Dacia,Jogger,1.0 TCe Extreme,Station wagon
Skoda,SuperB,1.5 TSI Sportline,Sedan
Skoda,SuperB,2.0 TDI Elegance,Sedan
Mercedes - Benz,CLA,180 D Style,Coupe
Mercedes - Benz,CL,600,Coupe
Mini,One,1.4,Hatchback/3
Kia,Sportage,1.6 CRDI Elegance Plus,SUV
Kia,Sportage,1.6 T-GDI Prestige,SUV
Mercedes - Benz,CLA,180 CDI Style,Sedan
Opel,Astra,1.6 CDX,Hatchback/5
Ford,Focus,1.6 SCTi Titanium,Hatchback/5
Mercedes - Benz,A,A 160 160,Hatchback/5
Mercedes - Benz,CLS,350,Coupe
Mercedes - Benz,E,250 CDI AMG,Sedan
Mercedes - Benz,E,200 CGI BlueEFFICIENCY Elegance,-
Skoda,Octavia,1.0 TSI Style,Hatchback/5
Mercedes - Benz,CLA,200 AMG,Sedan
Alfa Romeo,Tonale,1.6 D TI,SUV
Seat,Toledo,1.4 TSI Style,Sedan
Renault,Fluence,1.6 Dynamique,Sedan
Skoda,Favorit,135 LX,Hatchback/5
Renault,Megane,1.6 Business,Hatchback/5
Mercedes - Benz,CLC,160 BlueEFFICIENCY,Coupe
Mercedes - Benz,E,250 CGI AMG,Sedan
Mercedes - Benz,E,290 TD Avantgarde,Sedan
Mercedes - Benz,CLK,CLK 200 Avantgarde,Coupe
Hyundai,i20,1.2 D-CVVT Go,Hatchback/5
Mercedes - Benz,CLK,CLK 240 Avantgarde,Coupe
Skoda,Fabia,1.6 TDI Ambiente,Hatchback/5
Mercedes - Benz,CLS,350 D AMG,Coupe
Toyota,Carina,2.0 GLi,Sedan
Mercedes - Benz,E,180 AMG Premium,Sedan
Fiat,Grande Panda Electric,La Prima,Hatchback/5
Infiniti,Q30,1.5 D,Hatchback/5
Mercedes - Benz,E,350 CDI BlueEFFICIENCY Elegance,Sedan
Peugeot,206,1.4 XR,Hatchback/3
Skoda,Fabia,1.4 Elegance,Hatchback/5
Mercedes - Benz,E,300 AMG,Sedan
Mercedes - Benz,B,B 180 CDI 180 CDI,MPV
Mercedes - Benz,E,320 CDI Avantgarde,Sedan
Skoda,Fabia,1.6 TDI Optimal,Hatchback/5
Mercedes - Benz,E,200 CDI Avantgarde,Sedan
Mercedes - Benz,E,220 CDI Start,Sedan
Mercedes - Benz,E,280 CDI Avantgarde,Sedan
Toyota,Starlet,1.3 XLi,Hatchback/3
Mercedes - Benz,E,300 TD Elegance,Sedan
Mercedes - Benz,E,250 AMG,-
Mercedes - Benz,E,200 CGI Prime,Sedan
Peugeot,206,1.4 HDi X-line,Hatchback/5
Fiat,Egea Cross,1.4 Fire Street Plus,SUV
Tofaş,Doğan,SLX,Hatchback/5
Volkswagen,Taigo,1.5 TSI R Line,SUV
Mercedes - Benz,E,250 CGI AMG,Coupe
Renault,Laguna,2.0 RXE,Sedan
Renault,Laguna,1.6 Dynamique,Hatchback/5
Renault,Laguna,1.6 Authentique,Hatchback/5
Mercedes - Benz,E,250 CGI,Coupe
Mercedes - Benz,E,200 Kompressor Avantgarde,Station wagon
Renault,Clio,1.5 dCi Grandtour Dynamique,Station wagon
Skoda,Fabia,1.2 Classic,Sedan
Mercedes - Benz,E,220 Elegance,Sedan
Opel,Astra,1.6 T Sport,Hatchback/5
Mercedes - Benz,E,180 Avantgarde,Sedan
Mercedes - Benz,E,250 EditionE,Sedan
Mercedes - Benz,E,300 Exclusive,Sedan
Skoda,Octavia,1.9 TDI Classic,Hatchback/5
Mercedes - Benz,E,200 CGI Elegance,Sedan
Volvo,XC60,2.0 D3 Advance,SUV
Skoda,Octavia,1.6 GLX,Hatchback/5
Hyundai,i20,1.2 D-CVVT Sense,Hatchback/3
Volkswagen,Tiguan,2.0 TDI Sport&Style,SUV
Kia,Sportage,1.6 CRDI Hibrit Elegance Konfor,SUV
Mercedes - Benz,E,250 CGI Prime,Sedan
Mercedes - Benz,E,250 Elit,Sedan
Mercedes - Benz,S,S 350 350 L Business,Sedan
Mercedes - Benz,S,S 350 350 L BlueEFFICIENCY,Sedan
Ford,Kuga,1.6 EcoBoost Titanium,SUV
Mercedes - Benz,S,S 350 350 CDI L,Sedan
Mercedes - Benz,S,S 350 350,Sedan
Mercedes - Benz,S,S 350 350 L,Sedan
Mercedes - Benz,S,S 320 320,Sedan
Mercedes - Benz,S,S 320 320 CDI,Sedan
Volkswagen,Golf,1.6 FSi Tour,Hatchback/5
Mercedes - Benz,S,S 350 350 CDI,Sedan
Mercedes - Benz,S,S 450 Sport,Coupe
Skoda,Rapid,1.4 TDI GreenTec Ambition,Sedan
Mercedes - Benz,S,S 400 400 d AMG,Sedan
Volkswagen,Golf,1.9 TDi Goal,Hatchback/5
Mercedes - Benz,SL,300,Roadster
Mitsubishi,Carisma,1.6 Avance,Hatchback/5
Nissan,Almera,1.8 Luxury,Hatchback/5
Kia,XCeed,1.5 T-GDI Elegance Plus,SUV
Mitsubishi,Carisma,1.8 GDI Comfort,Sedan
Suzuki,Splash,1.3 DDiS,Hatchback/5
Kia,Sportage,1.6 T-GDI Hibrit,SUV
Peugeot,308,1.6 VTi Premium,Hatchback/5
Mini,Cooper Clubman,1.5 D One Salt,Station wagon
Kia,Sorento,1.6 T-GDI Prestige Smart,SUV
Smart,ForFour,1.1 Passion,Hatchback/5
Skoda,Rapid,1.4 TDI Ambition,Sedan
Kia,Sportage,1.6 T-GDI Cool,SUV
Dacia,Sandero Stepway,1.0 Tce Expression,SUV
Renault,Modus,1.5 dCi Dynamique,MPV
Mitsubishi,Carisma,1.6 Comfort,Hatchback/5
Renault,Megane,1.5 dCi Sport Tourer Expression,Station wagon
Renault,Megane,1.6 CC Dynamique,Hatchback/5
Renault,Safrane,2.0 RXE,Hatchback/5
Nissan,Note,1.2 Tekna,Hatchback/5
Suzuki,Swift,1.3 MT,Hatchback/5
Renault,Scenic,2.0 RXT,Sedan
Mercedes - Benz,B,B 180 Progressive,MPV
Fiat,500 X,1.4 T PopStar,SUV
Renault,Talisman,1.3 Tce Touch,Sedan
Fiat,500 X,1.6 Multijet Cross,Crossover
Mercedes - Benz,E,250 CGI Elegance,Sedan
Ford,Puma- E,Premium,SUV
Renault,R 11,GTS,Hatchback/5
Renault,R 21,1.6 Optima,Sedan
Ford,Mustang,2.3 Convertible,-
Ford,Mondeo,1.5 TDCi Style,Sedan
Ford,Fiesta,1.0 Trend,Hatchback/5
Toyota,Auris,1.4 D-4D Class,Hatchback/5
Hyundai,i20,1.4 MPI Smart,Hatchback/5
Ford,Kuga,2.0 TDCi Titanium,SUV
BMW,X1,20i sDrive,SUV
Renault,R 19,1.4 Europa RTE,Sedan
Renault,R 19,1.9 Europa RN,Sedan
Saab,9-3,1.9 TiD Vector,Sedan
Seat,Cordoba,1.9 TDI Signo,Sedan
Kia,Sportage,1.6 T-GDI Elegance Konfor Plus,SUV
Fiat,Palio,1.2 Dynamic Speedgear,Hatchback/5
Ssangyong,XLV,1.6 G,SUV
Land Rover,Range Rover Velar,2.0 TD4 R-Dynamic HSE,SUV
Land Rover,Range Rover Velar,2.0 TD4 R-Dynamic SE,SUV
Renault,Megane,1.6 Cabrio Cabrio,-
Land Rover,Defender,90 2.5 TDI,SUV
Peugeot,207,1.4 VTi Trendy,Hatchback/5
Land Rover,Range Rover Sport,2.0 SD4 HSE Plus,SUV
Honda,Civic,1.8 Sport,Hatchback/5
Renault,Fluence,1.5 dCi Bold Edition,Sedan
Volkswagen,Amarok,3.0 TDI Aventura,SUV
Fiat,Egea Cross,1.4 Fire Limited,Sedan
Honda,Civic,2.0 Type-R,Hatchback/3
Skoda,Fabia,1.4 TDI Style,Hatchback/5
Renault,Megane,1.6 Sport Tourer Expression,Station wagon
Skoda,Fabia,1.4 Optimal,Hatchback/5
Toyota,Yaris,1.33 Cool Skypack,Hatchback/5
Opel,Astra,1.4 Life,Hatchback/5
Skoda,Rapid,1.2 TSI Style,Sedan
Skoda,Fabia,1.2 Ambition,Hatchback/5
Skoda,Felicia,1.3 LXi,Hatchback/5
Renault,Clio,1.2 GT Line,Hatchback/5
Peugeot,308,1.6 e-HDi Access,Hatchback/5
Skoda,Forman,Silver Line,Station wagon
Jaguar,XF,2.0 D Prestige Plus,Sedan
Opel,Astra,1.8 Coupe,Coupe
Renault,Megane,1.5 dCi Sport Tourer Extreme,Station wagon
Land Rover,Range Rover Sport,2.0 SD4 HSE,SUV
Toyota,Corolla,1.8 Hybrid Flame,Hatchback/5
Toyota,Corolla,1.4 D-4D Luna,Hatchback/5
Renault,Scenic,1.5 dCi Authentique,MPV
Ford,Ranger,3.0 EcoBlue Wildtrak,Hard top
Honda,Civic,1.4 1.4i,Hatchback/5
Chevrolet,Trax,1.6,SUV
Maserati,Levante,2.0 GT,SUV
Honda,Civic,1.6 i LS,Hatchback/3
Toyota,Corolla,1.4 D-4D Sol,Sedan
Volkswagen,Polo,1.2 TDi BlueMotion,Hatchback/3
Volkswagen,Bora,1.6 Basic,Sedan
Opel,Astra,1.4 Classic,Hatchback/5
Renault,Scenic,1.6 RXE,MPV
Opel,Vectra,1.6 Edition,Sedan
Toyota,Yaris,1.5 Dream X-Pack,Hatchback/5
Mazda,CX-3,1.5 SKY-D Reflex,Crossover
Toyota,Corolla,1.8 Hybrid Dream X-Pack,Hatchback/5
Tesla,Model 3,Long Range,Sedan
Honda,Civic,1.8 Executive,Sedan
Toyota,Corolla,1.8 Hybrid Flame X-Pack,Hatchback/5
Volkswagen,Bora,1.6 Comfortline,Station wagon
Fiat,500 Ailesi,500L 1.3 Mjet Bi-Color,MPV
Toyota,Corolla,1.2 Turbo Dream,Hatchback/5
Mazda,6,2.0 Dynamic,Sedan
Mazda,626,2.0 GLX,Sedan
Volkswagen,Golf,1.4 TSi Trendline,Hatchback/3
Honda,Civic,1.4 Comfort,Hatchback/5
Opel,Astra,1.7 CDTI Essentia,Station wagon
Renault,Scenic,1.9 dCi RXT,MPV
Toyota,Corolla,1.2 Turbo Flame X-Pack,Hatchback/5
Toyota,Yaris,1.5 Hybrid Dream,Hatchback/5
Toyota,Avensis,1.8 Elegant Extra,Sedan
Toyota,Yaris,1.33 Cool,Station wagon
Volvo,C30,1.6,Hatchback/3
Volkswagen,Passat,1.6 FSi Comfortline,Station wagon
Land Rover,Discovery Sport,2.0 TD4 S,SUV
Toyota,Verso,1.6 Comfort,MPV
Land Rover,Defender,90 3.0 D,SUV
Toyota,Yaris,1.3 Sol Special,Hatchback/5
Honda,Civic,1.6 Premium,Hatchback/5
Volkswagen,Bora,1.6,Sedan
Mercedes - Benz,GLA,180 CDI AMG,SUV
Skoda,SuperB,1.9 TDI Comfort,Sedan
Citroen,C4 Cactus,1.2 e-VTI Feel,Crossover
Land Rover,Discovery,2.0 SD4 HSE Luxury,SUV
Opel,Corsa,1.4 Twinport Sport,Hatchback/5
Infiniti,M,M30d,Sedan
Mercedes - Benz,E,220 Classic,Sedan
Volkswagen,Golf,1.4 TSi GT,Hatchback/5
Citroen,C4 Cactus,1.2 e-VTI Shine,SUV
Chery,Omoda 5,1.6 T-GDI Luxury,SUV
Mazda,3,1.5 SkyActive-D Power,Sedan
Infiniti,Q50,2.0,Sedan
Honda,City,1.5 i-VTEC Elegance,Sedan
Tata,Indica,1.4 Basic,Hatchback/5
Toyota,Yaris,1.0 Blue,Hatchback/5
Honda,Civic,1.6i DTEC Executive Plus,Sedan
Alfa Romeo,Tonale,1.5 Hybrid Edizione Speciale,SUV
Volkswagen,EOS,1.6 FSi Highline,-
Maserati,Grecale,2.0,SUV
Citroen,C5 Aircross,1.6 PureTech Shine Bold,SUV
Audi,Q2,1.6 TDI Design,SUV
Volkswagen,Lupo,1.4 Trendline,Hatchback/3
Volkswagen,Jetta,1.6 TDi Comfortline,Hatchback/5
Mazda,BT50,2.5 TD,Hard top
Hyundai,Accent,1.3 GLS,Hatchback/3
Renault,Megane,1.5 dCi Exception,Hatchback/5
Peugeot,306,1.4 XR,Hatchback/5
Volkswagen,Golf,1.6 TDi BlueMotion Comfortline,Station wagon
Hyundai,Excel,1.5 LS,Sedan
Audi,Q5,40 TDI Quattro Sport,SUV
Skoda,Octavia,1.6 TDI Classic,Hatchback/5
Volkswagen,New Beetle,1.2 TSi Style,Hatchback/3
Renault,Megane,1.4 RTA,Sedan
Mercedes - Benz,GLA,180 D AMG,SUV
BMW,iX,First Edition Sport,SUV
Volkswagen,Passat,1.6 FSi Exclusive,Sedan
BMW,iX3,eDrive30,SUV
Mini,Countryman E,E Favoured,SUV
Audi,Q7,2.0 TFSI Quattro,SUV
Audi,Q8,50 TDI,SUV
BMW,X1,18i sDrive Prestige,SUV
Volkswagen,Golf,1.9 TDi,Hatchback/5
Volkswagen,Passat,2.0 TDi Exclusive,Sedan
Mercedes - Benz,GLC Coupe,180 AMG,SUV
Hyundai,Elantra,1.8 GLS,Sedan
Seat,Ibiza,1.2 TSI Sport Coupe FR,Coupe
Mercedes - Benz,A,A 250 BlueEFFICIENCY Sport,Hatchback/5
Opel,Tigra,1.4 TT Sport,-
BMW,X2,1.6d sDrive M Sport X,SUV
Seat,Toledo,1.4 TSI Style,Hatchback/5
BMW,X3,20d xDrive Exclusive,SUV
Opel,Meriva,1.7 CDTI,MPV
Volkswagen,Passat,1.8 T Highline,Station wagon
BMW,X3,20d xDrive M Sport,SUV
Volkswagen,Passat Variant,1.4 TSi Comfortline,Station wagon
Maserati,Grecale,2.0,-
Mercedes - Benz,EQB,250 AMG Plus,SUV
Volkswagen,Passat Variant,1.6 TDi Highline,Station wagon
Volkswagen,Passat,2.0 TDi Elegance,Sedan
Volkswagen,Passat Variant,1.6 TDi BlueMotion Business,Station wagon
Volkswagen,Passat,1.9 TDi Trendline,Sedan
BYD,Seal U,Bilinmiyor,SUV
BYD,Tang,Bilinmiyor,SUV
Cadillac,Escalade,6.0 V8,SUV
Mercedes - Benz,GLB,200 AMG+ 4Matic,SUV
Volkswagen,Golf,1.4 TSi Highline,Hatchback/3
Volkswagen,Passat Variant,1.9 TDi,Station wagon
Hyundai,Getz,1.4 DOHC HY KLM,Hatchback/3
Volkswagen,Passat,2.0 TDi BlueMotion Highline,Station wagon
Volkswagen,Passat,2.0 FSi Comfortline,Station wagon
Volvo,S60,2.0 T Premium,Sedan
Tesla,Model Y,Standart Range,MPV
Opel,Vectra,2.2 GTS,Sedan
Volvo,S40,1.6 D Premium,Sedan
Ford,Ranger,2.2 TDCi XLT,Crossover
Mercedes - Benz,C,C 180 Comfort 9G-Tronic,Sedan
Skoda,Fabia,1.4 Comfort,Station wagon
Skoda,Fabia,1.4 Elegance,Sedan
Skoda,Favorit,1.3 GLX,Hatchback/5
Mercedes - Benz,C,C 200 BlueTEC Fascination,Sedan
Tesla,Model Y,Performance,Sedan
Hyundai,Accent Era,1.5 CRDi Prime,Sedan
Audi,Q2,1.6 TDI Sport,SUV
Volkswagen,Golf,1.6 FSi Comfortline Plus,Hatchback/5
Peugeot,206+,1.4 HDi Sportium,Hatchback/5
Volkswagen,Golf,1.9 TDi,-
Toyota,Avensis,1.6 Premium,Sedan
Volkswagen,Scirocco,1.4 TSi Sportline,Hatchback/5
Volta,EV1,Bilinmiyor,Coupe
Volvo,V40,1.6 T3 Advance,Hatchback/5
Nissan,Qashqai,1.6 Tekna,SUV
Citroen,C3 Aircross,1.2 PureTech Feel Business,SUV
Volkswagen,Up Club,E-Up,Hatchback/5
Mazda,CX-3,1.5 Reflex,SUV
Volkswagen,Passat,1.6 TDi Highline,Sedan
Volvo,C30,1.6 D Advance,Hatchback/3
Peugeot,106,Quicksilver,Hatchback/3
Nissan,Qashqai,1.6 Visia,SUV
Mazda,CX-3,1.5 SKY-D Power,SUV
Volkswagen,Touran,1.6 FSi Highline,MPV
Fiat,Egea,1.6 Multijet Lounge,SUV
Hyundai,i20 Troy,1.4 CRDi Mode,Hatchback/3
Mercedes - Benz,300,TD,Sedan
Volvo,C70,2.5,Cabrio
Volvo,S40,2.0 D,Sedan
Ford,Kuga,1.6 EcoBoost Selective,SUV
Honda,HR-V,1.5 i-VTEC Elegance,SUV
Mini,Cooper,1.6,-
MG,ZS,1.5 VTI Comfort,SUV
Volkswagen,Touran,1.6 TDi Trendline,MPV
Volkswagen,VW CC,2.0 TDi Exclusive,Coupe
Volkswagen,VW CC,1.8 TSi,Coupe
Mitsubishi,Carisma,1.6 GL,Hatchback/5
Volkswagen,New Beetle,1.6 Smile,Hatchback/3
Mini,Cooper Countryman,1.6,SUV
Volvo,S60,1.6 D,Sedan
BMW,iX,70M,SUV
Peugeot,307,1.4 Comfort,Hatchback/5
Mitsubishi,L 200,4x4 Blizzard,Hard top
BMW,X1,18i sDrive Ultimate X-Line,SUV
BMW,X1,16i sDrive M Sport,SUV
Citroen,C4 SUV,1.5 BlueHDI Shine Bold,SUV
Citroen,C5 Aircross,1.2 Hybrid E-Series,SUV
Hyundai,i30,1.6 GDi Elite,Hatchback/3
Volvo,C30,1.6 D Premium,Hatchback/3
Hyundai,i30,1.6 CRDi CW Style,Station wagon
Volkswagen,Passat,1.5 TSi R Line,Sedan
Volkswagen,New Beetle,1.6 Highline,Hatchback/3
Hyundai,Santa Fe,2.0 CRDi VGT,SUV
Mitsubishi,L 200,4x4 Invite,Hard top
Cupra,Formentor,2.0 TSI,SUV
Mitsubishi,L 200,4x4 Storm,Hard top
Renault,Clio,1.4 RT,Hatchback/3
Hyundai,Tucson,1.6 GDi Style Plus,SUV
Volvo,S80,2.4 D5 Premium,Sedan
BMW,X1,18i sDrive Sport Line,SUV
Volvo,S80,2.0 D Advance,Sedan
Ford,Fiesta,1.25 Flair,Hatchback/3
Seat,Ibiza,1.6 Stella,Hatchback/5
Dacia,Duster,1.6 Ambiance,SUV
Skoda,Rapid,1.0 TSI GreenTec Ambition,Hatchback/5
Citroen,C5 Aircross,1.5 BlueHDI Feel,SUV
Saab,9-3,2.0 SE,Hatchback/5
Volkswagen,Tiguan,1.4 TSI White Night,SUV
Nissan,Qashqai,1.3 DIG-T Sky Pack,-
Citroen,C5 Aircross,1.5 BlueHDI Exclusive,SUV
Hyundai,i30,1.6 CRDi Elite Plus Smart,Hatchback/5
Opel,Corsa,1.4 Swing,Hatchback/5
Audi,A3,A3 Sedan 35 TFSI S-Line,SUV
Volvo,V70,2.0 D3,Station wagon
Volvo,S90,2.0 D5 Plus Dark,Sedan
Nissan,Qashqai,1.5 e-Power N-Design,SUV
Mitsubishi,Outlander,2.0 Instyle,SUV
Mitsubishi,L 200,4x4 Intense,Hard top
Nissan,X-Trail,1.3 DIG-T Design Pack,SUV
Volkswagen,Passat,1.8 T Basic,Sedan
Ford,Escort,1.8 Ghia,Hatchback/5
Volkswagen,Passat Variant,1.9 TDi Comfortline,Station wagon
Volkswagen,Passat,1.8 T Basic,Cabrio
Opel,Corsa,1.0 Eco Club,Hatchback/5
Opel,Astra,1.4 GL,Sedan
Peugeot,307,1.6 HDi Designtech,Hatchback/5
Opel,Astra,1.6 GLS,Sedan
Nissan,X-Trail,1.5 e-4ORCE Platinum Premium,SUV
Nissan,Qashqai,1.2 DIG-T Visia,SUV
Hyundai,i10,1.2 MPI Jump,Hatchback/5
Opel,Crossland,1.2 T Edition,SUV
Skoda,Fabia,1.4 Ambiente,Sedan
Volkswagen,Polo,1.4 TSi GTi,Hatchback/5
Opel,Crossland X,1.2 T 120.Yıl,SUV
Skoda,Rapid,1.0 TSI GreenTec Style,Sedan
Smart,ForTwo,EQ Passion,Coupe
Honda,Civic,1.6i VTEC Eco Elegance,Hatchback/5
Nissan,Juke,1.5 dCi Platinum,Crossover
Opel,Grandland X,1.6 D EcoTEC Enjoy,SUV
Volvo,S70,2.0 T5,Sedan
Opel,Mokka X,1.4 Enjoy,SUV
Opel,Astra,1.6,Sedan
Volvo,V70,2.5 T5,Station wagon
Land Rover,Discovery,2.7 TDV6,SUV
Kia,Rio,1.4 CRDi Sporty,Hatchback/3
Opel,Crossland,1.2 T Essential,Crossover
Volvo,S80,1.6 T4 Premium,Sedan
BMW,X5,25d xDrive,SUV
Peugeot,206,1.4 HDi Comfort,Sedan
Peugeot,308,1.6 VTi Comfort Pack,Hatchback/5
Peugeot,207,1.6 HDi Active,Station wagon
Seat,Ibiza,1.2 Elegance,Hatchback/5
Peugeot,5008,1.6 BlueHDi GT Line,SUV
Skoda,Rapid,1.4 TDI Style,Hatchback/5
Peugeot,3008,1.5 BlueHDI Allure Selection,SUV
Peugeot,3008,1.5 BlueHDI Active Life Sport Pack,SUV
BMW,X5,30d xDrive M Sport,SUV
Jeep,Cherokee,2.0 TD Limited,SUV
Nissan,Qashqai,1.5 dCi Platinum Premium Pack,SUV
Peugeot,3008,1.6 BlueHDi Active SkyPack,SUV
Opel,Astra,1.4 Club,Station wagon
BMW,X6,30d xDrive M Sport,SUV
Ford,Fiesta,1.4 Collection,Hatchback/5
Lada,Kalina,1.6,Sedan
Peugeot,207,1.4 HDi Active,Hatchback/5
Fiat,Egea Cross,1.6 Multijet Urban,-
Peugeot,2008,1.5 BlueHDI GT Line,SUV
Alfa Romeo,Giulia,2.0 Competizione,Sedan
Tofaş,Kartal,SLX,Hatchback/5
Nissan,X-Trail,2.0 dCi LE Platinum,SUV
Peugeot,3008,1.6 PureTech Active Prime Edition,SUV
Peugeot,3008,1.2 PureTech Active,SUV
Peugeot,3008,1.5 BlueHDI Allure Dynamic,SUV
Peugeot,508,1.6 VTi Access,Sedan
Skoda,SuperB,1.8 T Comfort,Sedan
Skoda,SuperB,1.4 TSI Comfort,Sedan
Mazda,2,1.5 Sky-G Power Sense,Hatchback/5
Peugeot,5008,1.5 BlueHDI GT,SUV
Mazda,323,1.6 GLX,Sedan
Mazda,2,1.5 Sky-G Power,Hatchback/5
Mazda,3,1.6 Comfort,Sedan
Mazda,323,1.5,Sedan
Peugeot,5008,1.6 PureTech GT,SUV
Mazda,626,2.0,Sedan
Mazda,3,1.5 SkyActive-G Power,Sedan
Opel,Astra,1.6 Cosmo,Sedan
Mazda,6,2.0 Sky-G Power,Sedan
Mazda,3,1.6 Impressive,Sedan
Peugeot,308,1.6 e-HDi Sportium,Hatchback/5
Mazda,3,1.5 SkyActive-G Reflex,Sedan
Mazda,323,1.6,Sedan
Mazda,3,1.6 Touring,Hatchback/5
Mazda,3,1.6 Base,Hatchback/5
Opel,Corsa,1.2,-
Mazda,3,1.5 SkyActive-D Motion,Sedan
Nissan,Juke,1.5 dCi Skypack,Crossover
Mazda,3,1.5 SkyActive-G Motion,Sedan
Peugeot,5008,1.5 BlueHDI Allure,SUV
Mercedes - Benz,200,D,Sedan
Peugeot,3008,1.2 PureTech Active Prime Edition,SUV
Peugeot,3008,1.5 BlueHDI Active Prime Edition,SUV
Mercedes - Benz,S,S 300 300,Sedan
Peugeot,5008,1.6 HDi Premium Pack,SUV
Peugeot,3008,1.6 Hybrid Allure,SUV
Peugeot,2008,1.6 e-HDi Allure,SUV
Peugeot,407,1.6 HDi Executive,Sedan
Kia,Sportage,2.0 DSL,SUV
Mercedes - Benz,190,190 E 1.8,Sedan
Kia,EV3,GT Line Long,SUV
Renault,Rafale,1.2 E-tech Esprit Alpine,SUV
Peugeot,3008,1.6 BlueHDi GT Line,SUV
Jeep,Compass,1.3 GSE Limited,SUV
Seat,Ibiza,1.4 Copa Plus,Hatchback/5
Peugeot,3008,1.6 PureTech Allure,SUV
Peugeot,3008,1.5 BlueHDI Active Dynamic,SUV
Ford,Focus,1.6 Trend,Station wagon
Mercedes - Benz,E,240 Elegance,Sedan
Mercedes - Benz,C,C 220 CDI Avantgarde,Station wagon
Peugeot,3008,1.6 PureTech Allure Selection,SUV
Kia,Rio,1.4 EX Trend,Hatchback/5
Mercedes - Benz,C,C 200 D Elegance,Sedan
Jeep,Grand Cherokee,3.0 CRD Overland,SUV
Opel,Astra,1.6 Cosmo,Station wagon
Peugeot,3008,1.2 PureTech GT Line Dynamic,SUV
Opel,Astra,1.6 Enjoy,Station wagon
Peugeot,5008,1.5 BlueHDI Allure Dynamic,SUV
Peugeot,2008,1.2 PureTech Active Dynamic,SUV
Peugeot,2008,1.2 PureTech Allure Dynamic,SUV
Jeep,Compass,1.5 Hybrid S Limited,-
Toyota,Urban Cruiser,1.33 Elegant,Hatchback/5
Opel,Astra,1.6 Sport,Station wagon
Land Rover,Range Rover Sport,2.0 PHEV Hybrid HSE Dynamic,SUV
Toyota,Yaris,1.5 Hybrid Passion,Hatchback/5
Skoda,Karoq,1.5 TSI Sportline,SUV
Jeep,Grand Cherokee,3.0 CRD Summit,SUV
Jeep,Grand Cherokee,3.0 CRD Limited,SUV
Skoda,Octavia,1.6 TDI Ambition,Station wagon
Toyota,Auris,1.8 Hybrid Premium,Hatchback/5
Kia,Sportage,2.0 CRDi 4x4 Plus,SUV
Toyota,Auris,1.4 D-4D Blue,Hatchback/5
Peugeot,3008,1.5 BlueHDI Allure Dynamic Plus,SUV
Skoda,Kodiaq,1.5 TSI GreenTec Ambition,SUV
Peugeot,308,1.2 VTi Access,Hatchback/5
Mercedes - Benz,CLC,160 Emotion,Coupe
Kia,EV3,Elegance,SUV
Kia,Stonic,1.0 T-GDI Business,SUV
Skoda,Kodiaq,1.4 TSI Ambition,SUV
Fiat,Egea Cross,1.5 T4 Urban,SUV
Mercedes - Benz,C,C 180 BlueEFFICIENCY Avantgarde,Station wagon
Toyota,Yaris,1.3 Blue,Hatchback/5
Mercedes - Benz,E,350 BlueTEC Premium,Sedan
Mercedes - Benz,R,R 320 320 CDI L,Station wagon
Kia,Soul,1.6 CRDi Premium,SUV
Mercedes - Benz,A,A 180 CDI BlueEfficiency Prime,Hatchback/5
Ssangyong,Rexton,2.0 e-XDI W 4x4 Platinum,SUV
Peugeot,5008,1.2 Hybrid GT,SUV
Toyota,C-HR,1.8 Hybrid Passion X-Pack,SUV
Land Rover,Range Rover Sport,3.0 TDV6 Autobiography,SUV
Peugeot,408,1.2 Hybrid Allure,SUV
Mercedes - Benz,A,A 180 Style Plus,Hatchback/5
Peugeot,3008,1.2 Hybrid GT,SUV
Peugeot,2008,1.2 PureTech GT,Crossover
Land Rover,Freelander,1.8 1.8i,SUV
Opel,Astra,1.6 Enjoy Elegance,Hatchback/5
Nissan,Juke,1.6 Platinum,SUV
BMW,X5,25d xDrive Premium Line,SUV
Mercedes - Benz,EQA,350 AMG,SUV
Volkswagen,Golf,1.9 TDi Midline,Hatchback/5
Toyota,Avensis,2.0 Executive Elegant,Sedan
Mercedes - Benz,E,250 AMG,Sedan
Mercedes - Benz,E,250 CDI BlueEFFICIENCY Avantgarde,Coupe
Audi,Q7,3.0 TDI Quattro,Crossover
Mercedes - Benz,SLK,250,Roadster
Volvo,V60,1.6 T4 Advance,Station wagon
Audi,Q5,40 TDI Quattro Design,SUV
Audi,Q7,50 TDI Quattro,SUV
Mercedes - Benz,C,C 180 AMG,Coupe
Audi,Q7,55 TFSI Quattro S Line,SUV
Ford,Ranger,3.2 TDCi Wild Trak,SUV
Land Rover,Range Rover Velar,2.0 TD4 S,SUV
Mercedes - Benz,A,A 180 BlueEFFICIENCY Style,Hatchback/5
Volvo,V60 Cross Country,2.0,Station wagon
Renault,Captur,1.3 TCe Techno,SUV
Mitsubishi,L 200,4x4 Blizzard,SUV
Renault,Kadjar,1.5 dCi Touch,SUV
Land Rover,Discovery,2.7 TDV6 HSE,SUV
Mercedes - Benz,B,B 180 CDI BlueEFFICIENCY Sport,MPV
Volkswagen,Jetta,1.9 TDi Primeline,Sedan
BMW,X3,20i sDrive X Line,Crossover
Alfa Romeo,Tonale,1.5 VGT TI,SUV
Renault,Captur,1.6 E-Tech Esprit Alpine,SUV
Volkswagen,Passat,1.4 TSi Highline,Sedan
Ford,Ranger,2.5 TDCi XL,SUV
BMW,X5,30d xDrive Premium,SUV
Renault,Kadjar,1.5 dCi Touch Roof,SUV
Renault,Duster,1.3 TCe Techno,SUV
BMW,X3,25i,SUV
Land Rover,Range Rover Evoque,2.0 Si4 Pure,SUV
Renault,Captur,1.5 BlueDCI Touch,SUV
Mini,Cooper Countryman,1.5 Pepper,SUV
Land Rover,Range Rover Sport,3.0 TDV6 Premium HSE,SUV
BMW,X2,1.8i sDrive Special Edition M Sport,SUV
Land Rover,Range Rover Evoque,1.5 PHEV S,SUV
BMW,X2,1.8i sDrive Premium Line,SUV
Seat,Arona,1.0 EcoTSI FR,-
Mitsubishi,L 200,4x2 Intense,Hard top
Seat,Ateca,1.6 TDI Ecomotive Xcellence,SUV
Land Rover,Range Rover Evoque,2.0 TD4 HSE Dynamic,SUV
Land Rover,Discovery,3.0 SDV6 SE,SUV
Skoda,Enyaq Coupe,E-Sportline,SUV
Opel,Astra,1.6 Enjoy Plus,Hatchback/5
Audi,Q3,35 TFSI S Line,Coupe
Volkswagen,Polo,1.2 TSi Allstar,Station wagon
Citroen,C5 Aircross,1.6 PureTech Feel Adventure,SUV
Peugeot,308,1.6 HDi Active,Hatchback/5
Volkswagen,Scirocco,1.4 TSi Sportline,Hatchback/3
Skoda,Kodiaq,1.4 TSI Style,SUV
DFSK,E5,1.5 Elegance,SUV
Mercedes - Benz,E,320 CDI Elegance,Sedan
Renault,Scenic,1.5 dCi Expression,MPV
Land Rover,Discovery,2.0 Si4 R-Dynamic SE,SUV
Ford,Focus,1.5 EcoBlue Titanium X,Station wagon
Skoda,Yeti,1.6 TDI Elegance Greenline,SUV
Mercedes - Benz,CLA,180 CDI AMG,Sedan
Skoda,Yeti,1.6 TDI Ambition Greenline,SUV
Volkswagen,Polo,1.0 TSi Life,Coupe
Audi,Q2,1.0 TFSI Design,SUV
Tata,Xenon,4x2,Hard top
Toyota,Verso,1.6 Elegant Plus,Station wagon
Audi,Q2,35 TFSI Design,SUV
Volkswagen,Lupo,1.4,Hatchback/3
Dodge,Caliber,2.0 CRD,Hatchback/5
Citroen,C4 Cactus,1.6 e-HDi Feel,SUV
Fiat,500 X,1.6 E-Torq Pop Plus,SUV
Ford,Ranger,2.5 TDCi Hi-Rider,Hard top
Mercedes - Benz,A,A 200 Progressive+,Sedan
Skoda,Elroq,e-Prestige 60,SUV
Ssangyong,Korando Sports,2.0 e-XDI,Hard top
Toyota,Starlet,1.3,Hatchback/5
Ssangyong,Musso Grand,2.2 D Platinum,SUV
Skoda,Kodiaq,1.4 TSI Prestige,SUV
BMW,iX2,eDrive20 Sport Line,SUV
BMW,X1,16d sDrive Sport Line,SUV
BMW,X1,18i sDrive,SUV
Skoda,Octavia,1.5 TSI Sport,Hatchback/5
Ford,Ranger,2.2 TDCi XLT,Hard top
BMW,X5,30sd,SUV
BMW,X1,xDrive25e X Line,SUV
BMW,iX2,eDrive20 M Sport,SUV
Alfa Romeo,Tonale,1.6 D Sprint,SUV
BMW,X6,40d xDrive M Sport,SUV
Mini,Cooper,1.5 Chili,Station wagon
Mini,Cooper S,1.6 Cabrio,-
Hyundai,Santa Fe,2.0 CRDi GLS,SUV
Hyundai,ix35,2.0 R Style,SUV
Suzuki,Vitara,1.4 S,SUV
Mitsubishi,Attrage,1.2 Intense,Sedan
Citroen,C4 Cactus,1.2 PureTech Shine,Crossover
Citroen,C4 SUV,1.2 PureTech Shine,SUV
Ssangyong,Actyon Sports,2.0 SXDI 4x2,Hard top
Subaru,Forester,2.0 TD Premium,SUV
Fiat,Egea Cross,1.4 Fire Urban,Crossover
Mercedes - Benz,C,C 43 AMG,Sedan
Honda,CR-V,1.6 i-DTEC Elegance,SUV
Peugeot,208,1.5 BlueHDi Signature,Hatchback/5
Peugeot,206,1.6 Roland Garros,Hatchback/5
Honda,CR-V,2.0i Elegance,SUV
Cupra,Formentor,1.5 e-Hybrid,SUV
Cupra,Formentor,1.5 eTSI,SUV
Chevrolet,Trax,1.6,Crossover
Hyundai,Ioniq 5,Advance,SUV
Mitsubishi,Colt,1.1 Inform,Hatchback/5
Suzuki,Vitara,1.4 Boosterjet Hibrit GLX Premium,SUV
Dacia,Duster,1.5 dCi Adventure,SUV
Peugeot,208,1.5 BlueHDi Signature Dynamic,Hatchback/5
Hyundai,Kona,Electric 100 kW Progressive,SUV
Peugeot,307,1.6 XR,Hatchback/5
Daihatsu,Terios,1.3 DX,SUV
Daihatsu,Terios,1.5 Gold,SUV
Fiat,500 X,1.3 Multijet Cross,SUV
Peugeot,308,1.2 PureTech Allure Sport,Hatchback/5
Nissan,Almera,1.5 Visia,Hatchback/3
Renault,Clio,1.2 Expression,Hatchback/5
Toyota,Hilux,2.4 D-4D 4x2 Adventure,SUV
Jaguar,F-Pace,2.0 D R Sport,SUV
Fiat,Fullback,2.4 D Hardrock,Hard top
Ford,EcoSport,1.0 EcoBoost Style,Crossover
Fiat,Egea Cross,1.4 Fire Lounge,Crossover
Fiat,Egea Cross,1.6 Multijet Street Plus,SUV
Toyota,Yaris Cross,1.5 Hybrid Flame X-Pack,SUV
Jeep,Cherokee,3.7 Limited,SUV
Ford,Kuga,1.5 EcoBlue Style,SUV
Ford,Flex,3.5,SUV
Toyota,RAV4,2.5 Hybrid,SUV
Volvo,S80,2.0 T,Sedan
Hyundai,ix35,1.6 GDI Style Desing Pack,SUV
Ford,Ranger,2.0 EcoBlue 4x4 Wildtrak,Crossover
Honda,CR-V,1.5 VTEC Executive Plus,SUV
Jaguar,F-Pace,2.0 D SE,SUV
Toyota,Yaris,1.3 Luna,Hatchback/3
Volvo,S60,2.4 T,Sedan
Nissan,Almera,1.5 Luxury,Sedan
Alfa Romeo,Junior Speciale,Bilinmiyor,SUV
Kia,Ceed,1.6 CRDi Concept SW,Station wagon
Honda,HR-V,1.5 e-HEV Style,SUV
Toyota,Hilux,2.4 D-4D 4x4 Adventure,Hard top
Isuzu,D-Max,3.0 D 4x4,Hard top
Kia,Sportage,1.6 GDI Concept,SUV
Honda,Jazz,1.5 Hybrid Crosstar Executive,Hatchback/3
Opel,Astra,1.6 GLS,Hatchback/5
Jeep,Renegade,1.5 e-Hybrid Limited,SUV
Jeep,Renegade,1.5 e-Hybrid Longitude,SUV
Peugeot,206,1.4 HDi X-line,Station wagon
Kia,Soul,1.6 CRDi X-tra,SUV
Opel,Corsa,1.5 TD,Hatchback/5
Kia,EV3,Prestige,SUV
Peugeot,206,1.4 Desire,Hatchback/5
Jaguar,I-Pace,Bilinmiyor,SUV
Opel,Astra,1.6 GL,Station wagon
Jaguar,F-Pace,2.0 D Prestige,SUV
Hyundai,Tucson,1.6 CRDi Elite Red Pack,SUV
Volkswagen,Golf,1.4 CL,Hatchback/5
Kia,Sorento,2.2 CRDi XM2,SUV
Hyundai,Kona,1.6 CRDI Elite,SUV
Jeep,Grand Cherokee,4.7 Limited,SUV
Land Rover,Freelander,2.0 TD4 HSE,SUV
Kia,Sportage,1.6 GDI Concept Plus,Crossover
Kia,EV6,Long Range GT Line,SUV
Volvo,V90 Cross Country,2.0 D D5 Pro,Station wagon
Kia,Sportage,1.6 T-GDI GT-Line Prestige,SUV
Kia,Sportage,2.0,SUV
Isuzu,D-Max,1.9 D 4x2 V-Go,Hard top
Isuzu,D-Max,1.9 D 4x4 V-Cross,SUV
Jeep,Renegade,1.0 Turbo Sport,SUV
Isuzu,D-Max,1.9 D 4x2 V-Life,SUV
Kia,Sportage,1.6 T-GDI GT-Line Exclusive,SUV
Kia,EV3,Prestige Long,SUV
Kia,Sportage,2.0 EX,SUV
Jeep,Compass,1.3 GSE 80.Yıl,SUV
Jeep,Compass,1.3 GSE S Limited,SUV
Jeep,Compass,1.3 Turbo PHEV S Limited,SUV
Mercedes - Benz,GLE,350 D AMG,SUV
Kia,Sportage,1.6 GDI Comfort,Crossover
Isuzu,D-Max,2.5 D 4x4,Hard top
Mercedes - Benz,X,X 250 d Power,SUV
Kia,Stonic,1.25 MPI Cool,SUV
Kia,Stonic,1.4 MPI Prestige,SUV
DS Automobiles,DS7 Crossback,1.6 THP PureTech So Chic Opera,SUV
Land Rover,Discovery Sport,2.0 TD4 HSE,SUV
Mercedes - Benz,GLC,250 AMG,SUV
Fiat,500 X,1.6 Multijet Popstar,SUV
Land Rover,Range Rover,4.4 V8 Vogue,SUV
Land Rover,Range Rover,2.0 PHEV Autobiography,SUV
Land Rover,Defender,130 2.5 TD,SUV
Chevrolet,Trax,1.4,SUV
Land Rover,Defender,110 2.0 HSE,SUV
Lexus,NX,300h,SUV
Mazda,CX-3,1.5 SKY-D Motion,SUV
Land Rover,Freelander,2.2 TD4 Select,SUV
Lada,Niva,1.6,SUV
Opel,Astra,2.0 CDX,Sedan
Mercedes - Benz,ML,350 AMG,SUV
Mercedes - Benz,ML,280 CDI,SUV
DS Automobiles,DS7 Crossback,1.5 BlueHDI Etoile,SUV
Land Rover,Discovery Sport,2.0 TD4 HSE Luxury,SUV
Mitsubishi,L 200,4x4 Magnum,Hard top
Peugeot,107,1.0 Urban Move,Hatchback/5
Mercedes - Benz,GLA,200 Progressive,SUV
Mercedes - Benz,ML,270 CDI,SUV
Land Rover,Defender,110 3.0,Crossover
Mercedes - Benz,GLB,200 Progressive,SUV
Mitsubishi,L 200,4x4 Storm,SUV
Ford,Kuga,2.0 TDCi Selective,SUV
Mitsubishi,L 200,4x2 Storm,SUV
Mitsubishi,L 200,4x4 Instyle,Hard top
Mitsubishi,L 200,4x2 Pick Up,Hard top
Land Rover,Defender,110 2.0 X-Dynamic SE,SUV
Mitsubishi,L 200,4x2 Invite,SUV
Mercedes - Benz,GLK,220 CDI Premium,SUV
Nissan,Juke,1.6 Platinum,Crossover
Mini,Cooper Countryman,1.5 Salt,SUV
Mini,Cooper Countryman,1.5 Chili,SUV
Nissan,Qashqai,1.5 dCi Tekna Executive,SUV
Mercedes - Benz,GLC,250 Exclusive,SUV
Land Rover,Discovery Sport,2.0 TD4 SE,SUV
Land Rover,Discovery Sport,2.0 TD4 R-Dynamic S,SUV
Nissan,Navara,2.5 TDI 4x4 LE,SUV
Mini,Cooper Countryman,1.5 D One Salt,SUV
Mazda,CX-3,1.5 Sense,SUV
Mini,Cooper Countryman,1.5 Signature,SUV
Mitsubishi,Eclipse Cross,1.5 MIVEC Intense,SUV
Peugeot,307,1.4 XR,Hatchback/3
Nissan,Juke,1.0 DIG-T Platinum Premium,SUV
Mitsubishi,L 200,4x2 Magnum,-
Mitsubishi,L 200,4x4,Hard top
Mazda,B2500,2.5 D,SUV
Hyundai,i30,1.6 CRDi Elite,Station wagon
Nissan,Qashqai,1.5 dCi Midnight Edition,SUV
Nissan,Juke,1.6 Visia,SUV
MG,Marvel R,Performance,SUV
Nissan,Juke,1.5 dCi Sport Pack,Crossover
Mercedes - Benz,X,X 250 d Progressive,Crossover
Nissan,Qashqai,1.6 dCi Tekna Plus,SUV
Jeep,Compass,1.6 Limited,SUV
BMW,X5,25d xDrive Excellence,SUV
Opel,Corsa,1.4 Elegance,Hatchback/5
Mitsubishi,Pajero,2.6,SUV
Nissan,Navara,2.5 TDI 4x4 SE,SUV
Nissan,X-Trail,1.6 dCi Design,SUV
Nissan,Navara,2.3 dCi 4x2,SUV
Mitsubishi,Outlander,2.4 Sport,SUV
Nissan,Navara,2.5 TDI 4x2 LE,SUV
Nissan,X-Trail,2.0 Luxury,SUV
Nissan,Qashqai,2.0 dCi Tekna Executive,SUV
Nissan,Qashqai,2.0 dCi Platinum,SUV
Citroen,C4 Cactus,1.2 PureTech Feel,SUV
Opel,Crossland,1.5 T Elegance,SUV
Opel,Corsa,1.2 Comfort,Hatchback/5
Mitsubishi,L 200,4x4 Storm,Pick-Up
Opel,Grandland X,1.5 D EcoTEC Excellence,SUV
Nissan,Qashqai,1.5 e-Power Platinum Premium,SUV
Nissan,Juke,1.5 dCi Special Edition,SUV
Opel,Mokka,1.6 Cosmo,SUV
Nissan,Navara,2.3 dCi 4x2,Hard top
Nissan,Qashqai,1.6 dCi Platinum,SUV
Hyundai,i30,1.4 Blue Drive,Hatchback/5
Opel,Calibra,2.0,Coupe
Porsche,Cayenne,3.6 S,SUV
Opel,Crossland X,1.5 CDTI Innovation,SUV
Opel,Crossland X,1.2 T Innovation,SUV
BMW,X6,40d xDrive Sport,SUV
Renault,Koleos,1.6 dCi Icon,SUV
Opel,Corsa,1.2 Enjoy,Hatchback/3
Skoda,Yeti,1.2 TSI Ambition,SUV
Nissan,Qashqai+2,1.5 dCi Tekna,SUV
Hyundai,i20,1.0 T-GDI Elite Plus,Hatchback/5
Renault,Captur,1.3 TCe Touch Plus,SUV
Skoda,Kodiaq,1.5 TSI GreenTec Sportline,SUV
Nissan,Qashqai,1.5 dCi Tekna Sport Pack,SUV
Nissan,X-Trail,1.6 dCi Black Edition,SUV
Opel,Astra,1.6 Comfort,Hatchback/3
Opel,Antara,2.0 CDTI Cosmo,SUV
Nissan,Qashqai+2,1.5 dCi Platinum,SUV
Opel,Grandland,1.5 D Turbo Ultimate,SUV
Skoda,Yeti,2.0 TDI Ambition,SUV
Renault,Captur,1.3 TCe RS Line,SUV
Ssangyong,Actyon,1.5 T-GDI,SUV
Opel,Crossland X,1.2 T Enjoy,SUV
Skoda,Karoq,1.0 TSI Ambition,SUV
Nissan,Qashqai+2,1.6 Platinum,SUV
Dacia,Sandero Stepway,1.0 Tce Comfort,SUV
Renault,Captur,1.3 TCe Evolution,SUV
Nissan,X-Trail,1.3 DIG-T Platinium,SUV
Subaru,Forester,2.0 Elegance,SUV
Opel,Mokka X,1.4 Excellence,SUV
Renault,Kadjar,1.2 TCe Touch,SUV
Jaguar,XF,2.0 D Portfolio Plus,Sedan
Opel,Crossland X,1.6 CDTI Enjoy,SUV
Toyota,Hilux,2.4 D-4D 4x2 Active,Hard top
Opel,Grandland,1.5 D Turbo GS,SUV
Toyota,Hilux,2.4 D-4D 4x2 Adventure,-
Opel,Grandland X,1.5 D EcoTEC Edition,SUV
Opel,Grandland X,1.2 EcoTEC Enjoy,SUV
Volkswagen,Amarok,3.0 TDI Highline,Hard top
Volkswagen,Amarok,2.0 Bi-TDI Canyon,Hard top
Subaru,XV,1.6 Xtreme Plus,SUV
Opel,Grandland X,1.2 EcoTEC Enjoy Skyline,SUV
Opel,Grandland X,1.2 EcoTEC Elegance,SUV
Opel,Corsa,1.0,Hatchback/5
Ssangyong,Rexton,2.0 e-XDI W 4x2 Platinum,SUV
Renault,Duster,1.6 E-Tech Evolution,SUV
Renault,Captur,1.5 dCi Outdoor,SUV
Opel,Grandland X,1.5 D EcoTEC Ultimate,SUV
Volkswagen,Taigo,1.5 TSI Style,SUV
Suzuki,Jimny,1.5 GLX,SUV
Toyota,C-HR,1.8 Hybrid Advance,Crossover
DFSK,E5,1.5 Trend Elegance,SUV
Seat,Ateca,1.5 EcoTSI Xcellence,SUV
Porsche,Macan,3.0 S Diesel,SUV
Opel,Corsa,1.2 Silverline,Hatchback/5
Opel,Grandland X,1.5 D EcoTEC Essentia,SUV
Peugeot,207,1.6 HDi Outdoor,Station wagon
Skoda,Karoq,1.5 TSI Style,SUV
Toyota,Hilux,2.8 D-4D,Hard top
Opel,Zafira,1.9 CDTI Cosmo,MPV
Peugeot,207,1.4 HDi Millesim,Hatchback/5
Volvo,XC60,2.0 B4 Plus Bright,SUV
Toyota,Land Cruiser,3.0 D-4D Prado,SUV
Peugeot,308,1.6 HDi Comfort,Hatchback/3
Peugeot,407,2.0 Executive Premium,Sedan
Seat,Arona,1.6 TDI Xcellence,SUV
Mercedes - Benz,C,C 200 Kompressor Avantgarde,Station wagon
Opel,Vectra,1.8 Comfort,Sedan
Opel,Astra,1.3 CDTI Enjoy,Station wagon
Opel,Astra,1.6 Classic,Hatchback/5
Mercedes - Benz,C,C 180 Esprit,Sedan
Opel,Astra,1.6 Essentia,Sedan
Mercedes - Benz,S,S 350 350 L BlueEfficiency,Sedan
Opel,Astra,1.4 Essentia,Station wagon
Peugeot,307,1.4 XR,Hatchback/5
Peugeot,306,1.6 XR,Hatchback/5
Peugeot,406,2.0 SV,Sedan
Mercedes - Benz,CLS,320 320 CDI,Coupe
Peugeot,307,1.6 Look,Hatchback/5
Peugeot,307,1.6 Pack,Station wagon
Ford,F,150,SUV
Mercedes - Benz,CLA,200 Urban,Hatchback/5
Renault,Clio,1.2 Extreme,Hatchback/3
Mercedes - Benz,B,B 180 BlueEFFICIENCY Elite,Hatchback/5
GMC,Sierra,2.7 L,SUV
Mitsubishi,Carisma,1.9 DI-D Comfort,Hatchback/5
Peugeot,206,1.6 XS,Hatchback/3
Honda,HR-V,1.5 i-MMD Hybrid Advance,SUV
Mini,Cooper,1.6 D,Hatchback/3
Renault,Clio,1.4 Extreme,Sedan
Proton,415,GLS,Hatchback/5
Peugeot,308,1.6 THP Premium,Hatchback/5
Peugeot,207,1.4 Trendy,Hatchback/3
Volkswagen,Polo,1.4 TDi Trendline,Hatchback/3
Peugeot,407,2.0 HDi Executive,Station wagon
Volvo,S60,1.6 T4 Advance,Sedan
Isuzu,D-Max,1.9 D 4x2 V-Life,Hard top
Peugeot,207,1.4 Envy,Hatchback/5
Volvo,S40,2.0 T,Sedan
Peugeot,308,1.6 VTi Millesim,Hatchback/5
Mercedes - Benz,A,A 180 d AMG,Sedan
Mercedes - Benz,S,S 400 400d Long Vizyon,Sedan
Volvo,S60,2.5 T,Sedan
Volkswagen,Passat Variant,2.0 TDi Comfortline,Station wagon
Kia,EV3,Long Range,SUV
BMW,X1,16d sDrive,SUV
Peugeot,301,1.2 VTi Active,Sedan
Volvo,C30,1.6 D R-Design,Hatchback/3
Honda,ZR-V,2.0i-MMD Hybrid Advance,SUV
BMW,X2,1.6d sDrive M Sport,SUV
Peugeot,301,1.2 PureTech Access,Sedan
Peugeot,308,1.6 BlueHdi Style,Hatchback/5
Renault,R5 E-Tech,EV52,Hatchback/5
Renault,Clio,1.6 RXT,Hatchback/3
BMW,X3,20i sDrive X Plus,SUV
Hyundai,Tucson,2.0 CRDi Executive,SUV
Audi,Q2,30 TFSI Design,SUV
Land Rover,Freelander,1.8 E,SUV
Land Rover,Freelander,2.2 TD4 SE Plus,SUV
Audi,Q6,E-Tron 55 Quattro,SUV
Renault,Clio,1.4 RN,Sedan
Citroen,C4 SUV,1.2 PureTech Shine Bold,SUV
Volkswagen,Polo,1.0 TSi Comfortline,Hatchback/3
Land Rover,Range Rover,4.6 HSE,SUV
Land Rover,Range Rover,3.0 TDV6 HSE,SUV
Land Rover,Range Rover,4.4 TDV8 Vogue,SUV
Peugeot,508,1.6 BlueHDi Business,Sedan
Mazda,CX-3,1.5 SKY-D Power Sense Plus,Crossover
BMW,X2,1.8i sDrive M Sport X,SUV
Mercedes - Benz,GLC,300 D AMG,Coupe
Mercedes - Benz,X,X 250 d Progressive,Hard top
Mercedes - Benz,GLA,180 D Urban,SUV
BMW,X5,44,SUV
BMW,X3,20d 20d Premium,SUV
Chevrolet,Captiva,2.0 D LT Base,SUV
Mini,Cooper Countryman,1.6 D,SUV
Mercedes - Benz,GL,320 CDI,SUV
Mini,Cooper Countryman,1.5 Classic,SUV
Chery,Tiggo,1.6 Acteco Lusso,SUV
BMW,X5,30d xDrive Exclusive,SUV
BMW,X2,1.8i sDrive M Sport,SUV
Opel,Astra,1.6 Edition,Station wagon
Citroen,C4 Cactus,1.2 PureTech Shine,SUV
Mitsubishi,L 200,4x4 GL,SUV
Mitsubishi,L 200,4x4 Premium,Hard top
Volkswagen,Polo,1.9 TDi Comfortline Classic,Sedan
Mitsubishi,L 200,4x2 Tornado,SUV
Citroen,C3 Aircross,1.6 BlueHDI Shine,SUV
Kia,Sportage,2.0 CRDi 4x4 Premium,SUV
Opel,Astra,1.5 D Elegance,Station wagon
Opel,Astra,1.6 Expression,Sedan
Volta,EV1,Bilinmiyor,Hatchback/3
Citroen,C3 Aircross,1.2 PureTech Shine Business,SUV
Nissan,Qashqai,1.2 DIG-T Tekna Sky Pack,SUV
Kia,XCeed,1.5 T-GDI Elegance,Crossover
Peugeot,307,1.4 HDi Envy,Hatchback/5
Peugeot,406,2.0 ST,Station wagon
Fiat,Egea Cross,1.4 Fire Urban,-
Nissan,Qashqai,1.3 DIG-T Visia,SUV
Peugeot,307,2.0 XT,Hatchback/5
Dodge,Ram,5.9,Hard top
Renault,Megane,1.6 Touch,Hatchback/5
Volvo,V60,1.6 T4 R-Design,Station wagon
Mercedes - Benz,GLC Coupe,300 d AMG,SUV
Nissan,Qashqai,1.5 e-Power Design Pack,SUV
Audi,Q2,35 TFSI Sport,SUV
Ford,F,350,SUV
Ford,Kuga,1.5 EcoBlue ST Line,SUV
Nissan,Qashqai,1.6 dCi Tekna Sky Pack,SUV
Fiat,500 X,1.3 FireFly Soft Top,SUV
Mini,Paceman,1.6,SUV
DFSK,E5,1.5 Comfort,SUV
Peugeot,307,1.4 HDi Profil,Hatchback/5
Opel,Grandland,1.2 Turbo Elegance,SUV
Peugeot,307,2.0 HDi Premium,Hatchback/5
Chery,Tiggo,1.6 Acteco Forza,SUV
Peugeot,307,1.6 XS,Hatchback/5
Peugeot,e-5008,GT,SUV
BMW,X1,20d xDrive,SUV
Peugeot,307,1.6 Comfort,Station wagon
Peugeot,407,2.0 Comfort,Sedan
Citroen,C4 Cactus,1.2 e-VTI Feel,SUV
BMW,X1,16d sDrive Ultimate M Sport,SUV
Skoda,Enyaq,E-Prestige,SUV
Seat,Ibiza,1.9 TDI Signo,Hatchback/5
Peugeot,307,1.6 Feline,Hatchback/5
Skoda,Karoq,1.6 TDI Premium,SUV
Opel,Grandland X,1.5 D EcoTEC Enjoy Explorer,SUV
Opel,Grandland X,1.2 EcoTEC Edition,SUV
Renault,Megane,1.6 Alize,Sedan
Honda,CR-V,2.0 i-MMD Hybrid Advance,SUV
Volvo,V70,3.2 Premium,Station wagon
Fiat,500 X,1.3 FireFly Cross,SUV
Skoda,Karoq,1.5 TSI Elite,SUV
Alfa Romeo,Tonale,1.5 Hybrid Ti,SUV
Subaru,XV,1.6 Xtreme,SUV
Citroen,C4 Cactus,1.2 PureTech Feel,Crossover
Jeep,Compass,1.3 Turbo Limited,SUV
Renault,Megane,2.0 Privilege,Hatchback/5
Ford,Ranger,2.5 TDCi XLT,Pick-Up
Peugeot,407,1.6 HDi Premium,Sedan
Opel,Mokka,1.2 T Elegance,Crossover
Peugeot,508,1.6 HDi Access,Sedan
Ssangyong,Korando,1.5 G Limited,SUV
Jeep,Grand Cherokee,5.9 Limited,SUV
Ssangyong,Korando Sports,2.0 e-XDI,SUV
Hyundai,Santa Fe,2.2 CRDi Style,SUV
Peugeot,308,1.6 THP Premium Pack,Hatchback/5
Subaru,Outback,2.5 Premium,Station wagon
Subaru,Forester,2.0 TD Sport,SUV
Honda,HR-V,1.5 i-VTEC Sport,SUV
Subaru,XV,1.6 Premium,SUV
Suzuki,Grand Vitara,1.9 DDiS,SUV
Suzuki,Grand Vitara,1.6,SUV
Hyundai,Kona,1.6 GDI Hibrit,SUV
Peugeot,308,1.6 THP Feeline,-
Renault,Captur,0.9 Touch,SUV
Peugeot,208,1.6 e-HDI Allure,Hatchback/3
Seat,Tarraco,1.5 TSI X-Perience,SUV
Peugeot,208,1.6 HDi Allure,Hatchback/5
Toyota,C-HR,1.2 Turbo Dynamic,Crossover
Toyota,C-HR,1.2 Turbo Dynamic Techno,Crossover
Skoda,Kamiq,1.5 TSI Monte Carlo,SUV
Dodge,Ram,3.0,SUV
Dacia,Duster,1.0 Tce ECO-G Comfort,Crossover
Volkswagen,Amarok,2.0 Bi-TDI Exclusive,SUV
Kia,Sorento,2.5 CRDi X-Force Prestige,SUV
Toyota,Hilux,2.5 D-4D 4x4 Adventure,Hard top
Skywell,ET5,Premium,SUV
Hyundai,Kona,1.0 T-GDI Elite,SUV
Daihatsu,Terios,1.5 Prime,SUV
Skoda,Yeti,1.4 TSI Elegance,SUV
Toyota,RAV4,2.0 Extra,SUV
Jeep,Commander,3.0 CRD,SUV
Ssangyong,Actyon Sports,2.0 XDI 4X4,SUV
Fiat,Egea Cross,1.5 T4 Street,SUV
Opel,Zafira,1.9 CDTI Enjoy,MPV
Volkswagen,Amarok,3.0 TDI Style,Hard top
Volkswagen,ID.4,Crozz Pro,SUV
Suzuki,S-Cross,1.4 Hybrid GLX Premium,SUV
Renault,Clio,1.2 Dynamic,Hatchback/5
Peugeot,308,1.6 e-HDi Allure,Hatchback/5
Land Rover,Freelander,2.2 TD4 XS Limited,SUV
Volkswagen,Amarok,3.0 TDI Highline,SUV
Renault,Clio,1.4 Fidji,Sedan
Toyota,C-HR,1.8 Hybrid Passion X-Style,SUV
Toyota,C-HR,1.8 Hybrid Diamond,Crossover
Toyota,C-HR,1.2 Turbo Diamond,Crossover
Toyota,C-HR,1.8 Hybrid Dynamic,Crossover
Peugeot,308,1.6 e-HDi Classic Edition Plus,Hatchback/5
Mercedes - Benz,GL,350 CDI,SUV
Toyota,Yaris Cross,1.5 Hybrid Passion X-Pack,SUV
Kia,Sportage,1.6 T-GDI Premium,SUV
Fiat,Egea Cross,1.4 Fire Street Plus,Coupe
Peugeot,208,1.6 HDi Access,Hatchback/5
Peugeot,508,1.6 BlueHDi Allure,Sedan
Fiat,500 X,1.4 T Cross,Crossover
Peugeot,508,1.6 Puretech GT Line,Sedan
Peugeot,508,1.6 Puretech Allure,Sedan
Fiat,500 X,1.6 Multijet Cross Plus,Crossover
Jeep,Renegade,1.3 Turbo S Limited,SUV
Mitsubishi,L 200,4x4 Tornado,Hard top
Kia,Sorento,2.0 CRDi Prestige,SUV
Kia,Sportage,1.6 CRDI Hibrit Cool,SUV
Land Rover,Discovery,2.0 Si4 HSE,SUV
Fiat,Egea Cross,1.6 Multijet Limited,Crossover
Volvo,XC40,1.5 T5 Hybrid Plus Dark,SUV
Fiat,Egea Cross,1.4 Fire Limited,Crossover
Mercedes - Benz,GLK,350 CDI Premium,SUV
Volkswagen,Touareg,3.0 TDI Active,SUV
Renault,Megane,1.6 Icon,Hatchback/5
Mazda,B2500,2.5 D,Hard top
Honda,CR-V,1.5 VTEC Elegance,SUV
Renault,Megane,1.6 Business,Sedan
Mercedes - Benz,GLC,220 D AMG,SUV
Porsche,911,Carrera 4,-
Fiat,Sedici,1.6 4X4 Dynamic,SUV
Mercedes - Benz,X,X 250 d Progressive,SUV
Renault,Clio,1.4 Authentique,Hatchback/3
Hyundai,Kona,1.6 CRDI Hibrit Elite,SUV
Mini,Cooper Countryman,1.5 John Cooper Works Chili,SUV
Renault,Megane,1.6 Coupe Expression,Coupe
Renault,Clio,1.4 Dynamique,Hatchback/5
Land Rover,Discovery Sport,2.0 TD4 R-Dynamic SE,SUV
Renault,Clio,1.4 RTA,Hatchback/3
Land Rover,Range Rover,3.0 SDV6 Vogue,SUV
Hyundai,Santa Fe,2.2 CRDi VGT Style,SUV
Foton,Tunland G7,2.0 D Flagship Plus,Hard top
Renault,R 21,1.7 GTS Manager,Sedan
Honda,CR-V,2.0i ES Executive,SUV
Opel,Grandland X,1.5 D EcoTEC Edition Explorer,SUV
Mercedes - Benz,EQC,400,SUV
Mercedes - Benz,EQA,250+ AMG,SUV
Mitsubishi,ASX,1.6 DI-D Instyle,SUV
Mercedes - Benz,GLC,220 D Off Road,SUV
Nissan,Juke,1.6 Black Edition,SUV
Renault,Kadjar,1.2 TCe Icon,SUV
Isuzu,D-Max,2.5 4x4,SUV
Renault,Megane,1.6 RXi,Sedan
Hyundai,Santa Fe,2.4 GLS,SUV
Mini,Cooper Countryman,1.5 Salt Premium,SUV
Nissan,Juke,1.5 dCi Visia,Crossover
Nissan,Qashqai,1.5 e-Power Platinum,SUV
Skoda,Octavia,1.6 Elegance,Sedan
Nissan,Terrano,2.7 TDI S,SUV
Renault,Megane,1.6 Touch Plus,Hatchback/5
Renault,Talisman,1.6 dCi Icon,Station wagon
Renault,Grand Scenic,1.5 dCi Extreme,MPV
Isuzu,D-Max,2.5 4x2,Hard top
Kia,Sportage,1.6 CRDI Black Edition,SUV
Kia,Sportage,1.6 CRDI Prestige Design,SUV
Isuzu,D-Max,2.5 4x4 LTD,Hard top
Opel,Corsa,1.2 Innovation,Hatchback/5
Isuzu,D-Max,2.5 4x4,Hard top
Renault,Megane,1.4 Premiere,Sedan
Toyota,C-HR,1.2 Turbo Diamond,SUV
Nissan,Qashqai,1.6 Black Edition,SUV
Renault,Talisman,1.5 dCi Icon,Sedan
Jeep,Renegade,1.3 T S Limited,SUV
Lada,Niva,1.7i,SUV
Citroen,C5 Aircross,1.5 BlueHDI Shine S,SUV
Renault,Megane,1.6,Hatchback/5
Kia,Sportage,1.6 T-GDI Live Plus,SUV
Kia,Sportage,1.6 GDI Cool,-
Skoda,Fabia,1.2 Elegance,Hatchback/5
Nissan,X-Trail,2.0 dCi LE,SUV
Skoda,Roomster,1.2 Style,MPV
Renault,Koleos,1.6 dCi Touch,SUV
Kia,Sportage,1.6 GDI Live,SUV
Skoda,Octavia,1.6 TDI Style CR,Sedan
Renault,Megane,1.6 Extreme,Hatchback/5
Skoda,Octavia,1.0 TSI Ambition,Sedan
Land Rover,Range Rover,2.5 TDI,SUV
Volkswagen,Tiguan,2.0 TDI R Line,SUV
Nissan,Juke,1.6 Special Edition,SUV
Volkswagen,Tiguan,1.4 TSI Track&Field,SUV
Renault,Symbol,1.2 Expression Plus,Sedan
Mazda,CX-5,2.0i SkyActive-G Power,SUV
Ssangyong,Kyron,2.0 XDI Premium,SUV
Volkswagen,Touareg,2.5 TDI,SUV
Renault,Laguna,1.5 dCi Executive,Hatchback/5
Nissan,Navara,2.3 dCi 4x4,Pick-Up
Mazda,CX-3,1.5 SKY-D Power Sense Plus,SUV
Land Rover,Range Rover,3.6 TDV8 HSE,SUV
Ssangyong,Kyron,2.0 XDI 4x4,SUV
Mercedes - Benz,G,63 AMG,SUV
Land Rover,Discovery,3.9 V8,SUV
Peugeot,206,1.4 X-Line,Station wagon
Subaru,Forester,2.0i e-boxer Style,SUV
Renault,Grand Scenic,1.5 dCi Expression,Sedan
Volkswagen,Amarok,2.0 TDI Highline,Pick-Up
Suzuki,Jimny,1.3 Style,SUV
Suzuki,Vitara,1.6 JLX,SUV
Opel,Insignia,1.6 CDTI Grand Sport Design,Sedan
Ssangyong,Musso Grand,2.2 D Edition,SUV
Volvo,XC60,2.0 D4 Premium,SUV
Suzuki,Vitara,1.4 Boosterjet GL Plus,SUV
Nissan,Juke,1.6 Tekna,Crossover
Toyota,C-HR,1.8 Hybrid Advance,SUV
Toyota,C-HR,1.8 Hybrid Diamond Premium,Crossover
Toyota,C-HR,1.8 Hybrid Dynamic Techno,Crossover
Ssangyong,Kyron,2.0 L XDI Limited 4x4,SUV
Mercedes - Benz,EQB,350 AMG,SUV
Nissan,Juke,1.5 dCi Tekna,Crossover
Mercedes - Benz,GLA,200 Edition,SUV
Mercedes - Benz,ML,320,SUV
Nissan,Juke,1.2 TC Sky Pack,SUV
Mitsubishi,L 200,4x2 Inform,SUV
Mercedes - Benz,GLC,220 d Edition 1 AMG,SUV
Peugeot,206,1.4 HDi XT,Hatchback/5
Peugeot,307,1.6 Technoplus,Hatchback/5
Nissan,Juke,1.5 dCi Skypack,SUV
Suzuki,Vitara,1.6 DDIS GLX,SUV
Toyota,C-HR,1.8 Hybrid Passion,Crossover
Nissan,Murano,3.5 SE,SUV
Toyota,Hilux,2.5 D-4D 4x2 Adventure,Pick-Up
Suzuki,Vitara,1.1,SUV
Toyota,C-HR,1.2 Turbo Flame,SUV
Toyota,C-HR,1.8 Hybrid Dynamic Premium,Crossover
Peugeot,308,1.6 VTi Premium Pack,Hatchback/5
Renault,Fluence,1.5 dCi Business,Station wagon
Ford,Ranger,2.5 TDCi XLT,Hard top
SWM,G01F,1.5 Premium,SUV
Toyota,Land Cruiser,4.0 Prado,SUV
Peugeot,206,1.4 HDi Generation,Hatchback/5
Opel,Crossland X,1.2 Enjoy,SUV
Opel,Mokka,1.6 Enjoy,SUV
Opel,Crossland X,1.2 T Ultimate,SUV
Seat,Arona,1.0 EcoTSI Style Plus,SUV
Subaru,Legacy,2.0 Limited,Sedan
Volkswagen,Tiguan,1.4 TSI Sport&Style,Crossover
Subaru,Impreza,1.5 AWD,Hatchback/5
Renault,Clio,1.2 Touchrome,Hatchback/5
Skywell,ET5,Premium Plus,SUV
Tata,Indigo,1.4 MPFI Trend,Sedan
Suzuki,Grand Vitara,1.6,Crossover
Ssangyong,Rexton,2.7 XDI RX,SUV
Peugeot,308,1.6 VTi Active,Hatchback/5
Ssangyong,Actyon Sports,2.0 SXDI 4x2,SUV
Renault,Scenic RX4,2.0,MPV
Skoda,Kamiq,1.0 TSI Elite,-
Ssangyong,Kyron,2.0 XDI Modes 4x2,SUV
Renault,Clio,1.2 Turbo Icon,Hatchback/5
Volkswagen,Amarok,2.0 TDI Life,Hard top
Ssangyong,Rexton,2.0 e-XDI W 4x4 Limited,SUV
Toyota,C-HR,1.8 Hybrid Diamond,SUV
Volkswagen,Amarok,2.0 TDI Style Plus,Pick-Up
Subaru,Forester,2.0i e-Boxer Xtreme,SUV
Toyota,C-HR,1.8 Hybrid Diamond Premium,-
Volvo,XC90,2.0 B6 Plus Bright,SUV
Volvo,C40,Ultimate,SUV
Volkswagen,Touareg,2.5 TDI Exclusive,SUV
Volkswagen,Tiguan,2.0 TDI Elegance,SUV
Renault,Clio,1.4 Dynamique,Hatchback/3
Volvo,XC90,2.4 D5,SUV
Volvo,XC90,2.0 D5 R-Design,SUV
Seat,Cordoba,1.4 TDI Basic,Sedan
Seat,Cordoba,1.6 SE,Sedan
Seat,Toledo,1.6 Signum,Sedan
Toyota,Corolla,1.3 XE,Sedan
Toyota,Corolla,1.6 GLi Liftback,Hatchback/5
Renault,Scenic,1.9 dCi Dynamique,MPV
Toyota,Corolla,1.6 GLi,Hatchback/5
Renault,Megane,1.6 Coupe RXI,Coupe
Skoda,Fabia,1.4 TDI Ambiente,Station wagon
Seat,Cordoba,1.4 Elegance,Sedan
Skoda,SuperB,2.5 TDI Elegance,Sedan
Skoda,Scala,1.6 TDI Premium,Station wagon
Seat,Ibiza,1.6 TDI CR Reference,Hatchback/5
Toyota,Corolla,1.6 Flame,Sedan
Toyota,Yaris,1.5 Flame,Hatchback/5
Volkswagen,Polo,1.6,Sedan
Volkswagen,Vento,1.8 GL,Sedan
Volkswagen,Passat,1.8 Trendline,Sedan
Volkswagen,Polo,1.4 Highline,Hatchback/5
Volkswagen,Passat,1.8 Basic,Sedan
Toyota,Avensis,2.0 Elegant,Hatchback/5
Toyota,Corolla,1.6 Sol VVT-i,Hatchback/5
Tesla,Model Y,Long Range AWD,Bilinmiyor
Tata,Vista,1.4 Safire Aura,Hatchback/5
Volkswagen,Golf,1.6 Goal,Hatchback/5
Volkswagen,Passat,1.6 Exclusive,Sedan
Peugeot,206,1.4 Feline,Hatchback/5
Fiat,Panda,0.9 TwinAir Joy,Hatchback/5
Toyota,Corolla,1.6 Sol,Station wagon
Toyota,Corolla,1.6 GLi Special,Sedan
Toyota,Avensis,1.6 Linea,Sedan
Toyota,Corolla,1.6 Comfort Verso,MPV
Audi,A6,A6 Sedan 2.5 TDI,Sedan
Volkswagen,Golf,1.6 GTD,Hatchback/3
Toyota,Corolla,1.6 XEi,Hatchback/5
Volkswagen,Scirocco,1.4 TSi White Edition,Coupe
Renault,Espace,1.6 dCi,MPV
Toyota,Yaris,1.5 Hybrid Spirit,Coupe
Volkswagen,Polo,1.2 Trendline,Hatchback/3
Volkswagen,Passat,1.6,Sedan
Skoda,Rapid,1.4 TDI GreenTec Spaceback Style,Hatchback/5
Citroen,C4 Grand Picasso,1.6 BlueHDi Feel,MPV
Volkswagen,Jetta,1.6 GTD,Sedan
Volkswagen,Golf,1.4 TSi Allstar,Hatchback/5
Volkswagen,Golf,1.6 Midline Plus,Hatchback/5
Tesla,Model X,Bilinmiyor,Hatchback/5
Volkswagen,Jetta,1.9 TDi Tour,Sedan
Hyundai,Matrix,1.6 GL,MPV
Volkswagen,Jetta,1.4 TSi BlueMotion Comfortline,Station wagon
Seat,Exeo,1.6 Reference,Sedan
Volvo,V90 Cross Country,2.0 B5 Ultimate Bright,Station wagon
Volvo,940,2.0 GL,Sedan
Volvo,V90 Cross Country,2.0 B5 Pro,Station wagon
Volvo,V60 Cross Country,2.0 D4 Advance,Station wagon
BMW,X3,20d xDrive X Line,SUV
BMW,X4,20d xDrive X Line,SUV
BMW,X5,30i,SUV
Audi,Q2,1.0 TFSI Sport,SUV
BMW,X5,25d xDrive M Excellence,SUV
Toyota,Corolla,1.3 XL,Station wagon
Hyundai,i20,1.4 CVVT Go,Hatchback/5
BYD,Atto 2,Boost,SUV
Audi,Q2,1.0 TFSI Dynamic,SUV
Chevrolet,Silverado,3.0,SUV
BMW,X6,35i xDrive,SUV
Citroen,C3 Aircross,1.6 BlueHDI Feel,SUV
Citroen,C5 Aircross,1.5 BlueHDI Selection Business,SUV
Jaguar,S-Type,4.0,Sedan
Toyota,Corolla,1.6 Linea Terra,Sedan
Dacia,Logan Pickup,1.5 DCI,SUV
Volkswagen,Polo,1.0 Life,Station wagon
Skoda,Rapid,1.4 TDI GreenTec Ambition,Hatchback/5
Kia,Rio,1.0 TGDI Elegance Tekno,Hatchback/5
Dacia,Sandero Stepway,1.0 Tce Essential,-
Seat,Cordoba,1.9 TDI Sport,Sedan
Fiat,Egea Cross,1.3 Multijet Urban,SUV
Mazda,626,2.0,Station wagon
Ford,Ranger,2.0 EcoBlue 4x4 Raptor,Hard top
Mercedes - Benz,C,C 320 Elegance,Sedan
Mercedes - Benz,190,190 E 2.0,Sedan
Ford,Ranger,2.0 EcoBlue 4x4 Storm Trak,Hard top
Seat,Ibiza,1.2 TSI Reference Plus,Hatchback/5
Mercedes - Benz,E,220 CDI Classic,Sedan
Skoda,Octavia,1.5 e-Tec Premium,Sedan
Honda,HR-V,1.6 i-DTEC Elegance,SUV
Tesla,Model Y,Long Range AWD,Coupe
BMW,X2,1.6d sDrive Special Edition M Mesh,SUV
Hyundai,Santa Fe,2.0 CRDi Elegance,SUV
Mercedes - Benz,E,350 CDI BlueEFFICIENCY Dynamic,Coupe
Hyundai,Santa Fe,2.0 CRDi Executive,SUV
Skoda,Roomster,1.4 Comfort,MPV
Mercedes - Benz,E,200 d E 200 d,Sedan
Jaguar,F-Pace,2.5 D R-Sport,SUV
Skoda,Octavia,1.6 TDI Ambition Optimal,Hatchback/5
Jeep,Grand Cherokee,2.7 CRD Laredo,SUV
Isuzu,D-Max,2.5 4x4 V-Cross,Hard top
Mini,Cooper,1.5 Iconic,Cabrio
Jeep,Renegade,1.3 T Longitude Sport,SUV
Kia,Sportage,1.6 GDI,-
Land Rover,Range Rover Sport,2.0 HSE,SUV
Land Rover,Range Rover Velar,2.0 TD4 HSE,SUV
Skoda,Rapid,1.2 Spaceback Ambition,Hatchback/5
Kia,Sportage,1.6 GSL Comfort,SUV
Mercedes - Benz,GLC Coupe,250 AMG,Coupe
Lada,Niva,1.7,Hard top
Mercedes - Benz,GLA,180 CDI Urban,SUV
Mitsubishi,L 200,4x2 Magnum,SUV
Land Rover,Range Rover Evoque,1.5 PHEV R-Dynamic S,SUV
Land Rover,Range Rover,3.0 TD6 Vogue,SUV
Land Rover,Range Rover Evoque,2.0 TD4 R-Dynamic SE,SUV
Land Rover,Range Rover Velar,2.0,SUV
Land Rover,Range Rover Evoque,2.0 Si4 Prestige,SUV
Land Rover,Range Rover Sport,2.0 SD4 SE,SUV
Land Rover,Range Rover Evoque,2.2 TD4 Dynamic,SUV
Land Rover,Range Rover,4.4 SDV8 Autobiography,SUV
Land Rover,Defender,110 2.0 S,SUV
Nissan,Qashqai,2.0 Tekna Executive,SUV
Lexus,RX,350h,SUV
Mercedes - Benz,GLA,180 D AMG,Crossover
Opel,Astra,1.4 Classic,Station wagon
Mercedes - Benz,ML,300 CDI,SUV
Mercedes - Benz,GLK,320 CDI Sport,SUV
Land Rover,Range Rover Evoque,2.2 SD4 Dynamic,SUV
Mercedes - Benz,GLK,250 CDI Sport,SUV
Mercedes - Benz,ML,500,SUV
Nissan,Pathfinder,3.3 V6,SUV
Subaru,Impreza,1.5 FWD,Sedan
Nissan,Rally Raid,4x4,Hard top
Opel,Frontera,2.2,SUV
Opel,Grandland X,1.5 D EcoTEC Enjoy Skyline,SUV
Nissan,Qashqai,1.6 Tekna Pack,SUV
Kia,Sorento,2.0 CRDi Exclusive,SUV
Peugeot,5008,1.6 HDi Premium,MPV
Nissan,Qashqai,1.2 DIG-T Design Pack,SUV
Peugeot,2008,1.2 PureTech GT Line,SUV
Peugeot,3008,1.6 THP GT Line,SUV
Peugeot,3008,1.6 BlueHDi Active Prime Edition,SUV
Peugeot,3008,1.6 THP Active Prime Edition,SUV
Peugeot,3008,1.5 BlueHDI GT Selection,SUV
Nissan,Qashqai,1.3 DIG-T Midnight Edition,SUV
Opel,Crossland X,1.5 CDTI Enjoy,SUV
Opel,Frontera,2.0 Sport,SUV
Opel,Grandland,1.2 Turbo Ultimate,SUV
Kia,Niro,Niro EV Elegance Plus,SUV
Toyota,Corolla,2.0 D-4D Comfort Extra Verso,MPV
Skoda,Yeti,1.2 TSI Elegance,SUV
Toyota,Corolla,1.4 D-4D Plusline,Sedan
Peugeot,3008,1.6 e-HDi Feline,SUV
Peugeot,5008,1.6 e-HDi Allure,MPV
Land Rover,Range Rover Velar,2.0 TD4 SE,SUV
Toyota,Urban Cruiser,1.33 Comfort,Hatchback/5
Seat,Ateca,1.4 EcoTSI FR,SUV
Subaru,Forester,2.0 X Limited,SUV
Seat,Ateca,1.5 EcoTSI FR,Crossover
Ssangyong,Actyon,2.0 XDI Standart,SUV
Suzuki,Grand Vitara,2.0 TD XL-7,SUV
Peugeot,3008,1.6 PureTech GT,SUV
Suzuki,Grand Vitara,2.0 TD,SUV
Ssangyong,XLV,1.6 D,SUV
Subaru,Forester,2.0i e-Boxer Xclusive,SUV
Toyota,Yaris Cross,1.5 Hybrid Dream X-Pack,SUV
Peugeot,2008,1.2 PureTech Active Skypack,SUV
Fiat,Sedici,1.6 4X2 Emotion,SUV
TOGG,T10F,V2,SUV
Toyota,Yaris Cross,1.5 Hybrid Dream,SUV
Toyota,Hilux,2.4 D,Hard top
Volkswagen,T-Roc,1.5 TSI Highline,Crossover
Renault,Captur,1.3 TCe Joy,Crossover
Renault,Kadjar,1.6 dCi Icon,SUV
Kia,Niro,1.6 GDI Prestige,SUV
Renault,Kadjar,1.2 TCe Touch Roof,SUV
Peugeot,406,2.0 HDi ST,Sedan
Toyota,Corolla,1.6 Premium 50.Yıl,Sedan
Renault,Kadjar,1.5 dCi Black Edition,SUV
Renault,Scenic RX4,2.0,SUV
Renault,Koleos,2.0 dCi Privilege,SUV
Nissan,Terrano,2.7 TDI Elegance,SUV
Nissan,Terrano,2.4 SE,SUV
Renault,Clio,1.2 Tom Tom Edition,Hatchback/5
Renault,Megane,1.6 GT-Line,Hatchback/5
Nissan,Juke,1.0 DIG-T N-Design,SUV
Peugeot,3008,1.6 e-HDi Active,SUV
Volkswagen,Beetle,2.0 Diamond,Hatchback/3
Volkswagen,Golf,1.9 TDi Comfortline,Hatchback/3
Seat,Arona,1.6 TDI Style,SUV
Subaru,Forester,2.0i Premium Plus,SUV
Volkswagen,Passat,1.8 T Comfortline,Station wagon
Suzuki,Grand Vitara,2.0 JLX-A,SUV
Toyota,C-HR,1.2 Turbo Diamond Premium,Crossover
Ssangyong,Korando,2.0 E XDI,SUV
Toyota,Hilux,2.5 D-4D 4x2 Comfort,Hard top
Volkswagen,Amarok,2.0 TDI Highline,Hard top
Volvo,S40,1.6 D Prime,Sedan
Seat,Ateca,1.5 EcoTSI Style,SUV
Volvo,XC60,2.0 B4 Inscription,-
Alfa Romeo,Tonale,1.5 Hybrid Tributo,SUV
Volkswagen,VW CC,1.8 TSi,Sedan
Volkswagen,Tiguan All Space,1.5 TSI Elegance,SUV
Skoda,Favorit,136 L,Hatchback/5
Ssangyong,Rexton,2.7 XDI DSX,SUV
Subaru,Forester,2.0i e-boxer Fun,SUV
Voyah,Free,High Plus,SUV
Peugeot,3008,1.2 PureTech Allure,SUV
Peugeot,2008,1.2 PureTech Allure,Bilinmiyor
BMW,X1,xDrive30e M Sport,SUV
Suzuki,Grand Vitara,2.5,SUV
Peugeot,3008,1.6 THP Active Prime Drive Edition,SUV
Suzuki,S-Cross,1.4 Hybrid GLX Premium Select,SUV
Subaru,Forester,2.0 XT,SUV
BMW,iX,xDrive40 First Edition Sport,SUV
Suzuki,SX4 S-Cross,1.6 DDiS GL+,Crossover
Toyota,Hilux,3.0 D-4D,Hard top
Toyota,Land Cruiser,4.7,SUV
Peugeot,5008,1.6 BlueHDi Allure,SUV
Toyota,C-HR,1.2 Turbo Diamond Premium,SUV
Volkswagen,Tiguan All Space,1.4 TSI Highline,SUV
Volkswagen,Amarok,2.0 Bi-TDI Trendline,SUV
Ssangyong,Korando,1.6 D Titanium,SUV
Volkswagen,Golf,1.6 TDi Comfortline,Hatchback/3
Volvo,XC60,2.0 T8 Hybrid Plus Dark,SUV
Volvo,XC70,2.4 D5 Premium,Crossover
Citroen,C4 Cactus,1.6 BlueHDI Shine,Crossover
Volvo,XC40,1.5 T5 Hybrid R-Design,SUV
Volkswagen,Beetle,1.2 TSi Design,Hatchback/3
Volkswagen,Touareg,3.0 TDI,SUV
Isuzu,D-Max,2.5 D 4x4,SUV
Volkswagen,Passat,1.6 TDi,Station wagon
Kia,Sorento,2.2 CRDi XM1,SUV
Lada,Niva,1.7,SUV
Volkswagen,Passat,1.5 TSi Business,Station wagon
Volvo,V40,1.8,Station wagon
Mercedes - Benz,GLC,250 D Amg,SUV
Nissan,X-Trail,1.6 dCi Platinum Premium,SUV
Peugeot,5008,1.6 BlueHDi Allure,MPV
Peugeot,3008,1.5 BlueHDI Active,SUV
Peugeot,3008,1.6 HDi Premium,SUV
Porsche,Macan,3.6 Turbo,SUV
Renault,Captur,1.5 BlueDCI Joy,SUV
Fiat,Egea Cross,1.6 Multijet Lounge,Crossover
Peugeot,2008,1.2 PureTech GT,-
Subaru,Forester,2.0 TD Sport,Crossover
Jeep,Renegade,1.6 MultiJet Longitude,Crossover
Peugeot,3008,1.5 BlueHDI Active Sport Pack,SUV
Land Rover,Discovery,3.0 TDV6 HSE,SUV
Land Rover,Freelander,2.2 TD4 Premium GS,SUV
Peugeot,2008,1.2 VTi Active,SUV
Peugeot,5008,1.6 e-HDi Premium,MPV
Opel,Grandland,1.2 T Elegance,SUV
Opel,Grandland,1.2 T Hybrid GS,SUV
Opel,Frontera,1.2 Hybrid Edition,SUV
Peugeot,2008,1.5 BlueHDI Allure Dynamic,SUV
Porsche,Macan,2.0 T,SUV
Renault,Kadjar,1.3 TCE Touch,SUV
Porsche,Cayenne,S Diesel,SUV
Skoda,Karoq,1.6 TDI Ambition,SUV
Kia,Sportage,2.0 CRDi 4x4,SUV
Opel,Grandland,1.5 D GS,SUV
Land Rover,Range Rover Evoque,1.5 PHEV R-Dynamic SE,SUV
Toyota,Yaris Cross,1.5 Flame X-Pack,SUV
Suzuki,SX4 S-Cross,1.6 DDiS GL+,SUV
Volvo,XC90,2.4 D5 Premium,SUV
Volkswagen,T-Cross,1.0 TSI R Line,SUV
Mazda,B2500,2.5 TD,Hard top
Mercedes - Benz,X,X 220 d Pure,Hard top
Nissan,Qashqai,1.6 Platinum,SUV
Skoda,Kodiaq,2.0 TSI RS,SUV
Suzuki,Grand Vitara,2.0,SUV
Toyota,C-HR,1.2 Turbo Dynamic Techno,SUV
